TICKER,REPORTS,QUARTERS,POINTS,PTS_EST,ERROR RATE,ACCURACY,url
TSLA,Jan-25,1,-7,-7,20.4%,50%,https://www.estimize.com/users/analyst_9769233
GME,Dec-13,1,-32,-32,58.4%,1%,https://www.estimize.com/users/analyst_9769233
AMZN,Feb-2,1,-9,-9,51.9%,31%,https://www.estimize.com/users/analyst_9769233
GOOGL,Jan-31,1,32,32,4.1%,70%,https://www.estimize.com/users/analyst_9769233
SHOP,Feb-15,1,-10,-10,53.4%,27%,https://www.estimize.com/users/analyst_9769233
SQ,Feb-22,1,-9,-9,33.9%,34%,https://www.estimize.com/users/analyst_9769233
