TICKER,REPORTS,QUARTERS,POINTS,PTS_EST,ERROR RATE,ACCURACY,url
KO,Feb-9,1,8,8,5.0%,12%,https://www.estimize.com/users/analyst_7465687
MAR,Feb-15,1,18,18,8.7%,48%,https://www.estimize.com/users/analyst_7465687
AMZN,Feb-2,1,39,39,10.5%,73%,https://www.estimize.com/users/analyst_7465687
DVN,Feb-14,1,14,14,17.8%,27%,https://www.estimize.com/users/analyst_7465687
AAPL,Jan-26,1,16,16,1.8%,63%,https://www.estimize.com/users/analyst_7465687
AMD,Jan-31,1,47,47,0.5%,77%,https://www.estimize.com/users/analyst_7465687
INTC,Jan-26,1,34,34,21.2%,63%,https://www.estimize.com/users/analyst_7465687
ON,Feb-6,1,21,21,3.6%,61%,https://www.estimize.com/users/analyst_7465687
