TICKER,REPORTS,QUARTERS,POINTS,PTS_EST,ERROR RATE,ACCURACY,url
CMG,Feb-7,10,15,1.5,9.2%,49%,https://www.estimize.com/users/analyst_5859476
ULTA,Dec-1,9,48,5.3,17.0%,31%,https://www.estimize.com/users/analyst_5859476
NFLX,Jan-17,7,-20,-2.9,11.4%,31%,https://www.estimize.com/users/analyst_5859476
TSLA,Jan-25,7,0,0,14.6%,46%,https://www.estimize.com/users/analyst_5859476
DDD,Feb-27,5,19,3.8,30.3%,56%,https://www.estimize.com/users/analyst_5859476
BNTX,Mar-29,5,-7,-1.4,38.8%,25%,https://www.estimize.com/users/analyst_5859476
MRNA,Feb-23,5,47,9.4,34.6%,39%,https://www.estimize.com/users/analyst_5859476
REGN,Feb-9,5,33,6.6,12.6%,38%,https://www.estimize.com/users/analyst_5859476
AAPL,Jan-26,3,-39,-13,20.3%,5%,https://www.estimize.com/users/analyst_5859476
BA,Jan-25,3,31,10.3,51.0%,69%,https://www.estimize.com/users/analyst_5859476
