TICKER,REPORTS,QUARTERS,POINTS,PTS_EST,ERROR RATE,ACCURACY,url
AAPL,Jan-26,10,-72,-7.2,8.0%,24%,https://www.estimize.com/users/analyst_4736482
META,Feb-1,8,-82,-10.3,15.5%,26%,https://www.estimize.com/users/analyst_4736482
MSFT,Jan-24,7,30,4.3,6.7%,29%,https://www.estimize.com/users/analyst_4736482
WMT,Feb-21,5,14,2.8,3.9%,34%,https://www.estimize.com/users/analyst_4736482
BAC,Jan-13,4,-26,-6.5,32.3%,19%,https://www.estimize.com/users/analyst_4736482
AMGN,Feb-2,4,-34,-8.5,5.4%,20%,https://www.estimize.com/users/analyst_4736482
HCA,Jan-31,4,-3,-0.8,7.4%,31%,https://www.estimize.com/users/analyst_4736482
ABBV,Jan-27,4,-30,-7.5,3.7%,29%,https://www.estimize.com/users/analyst_4736482
GE,Jan-24,4,33,8.3,27.3%,50%,https://www.estimize.com/users/analyst_4736482
NVDA,Feb-16,4,-70,-17.5,39.1%,17%,https://www.estimize.com/users/analyst_4736482
