TICKER,REPORTS,QUARTERS,POINTS,PTS_EST,ERROR RATE,ACCURACY,url
WGO,Dec-21,16,197,12.3,10.8%,57%,https://www.estimize.com/users/analyst_6420286
THO,Dec-7,16,324,20.3,9.0%,73%,https://www.estimize.com/users/analyst_6420286
NWL,Feb-10,12,43,3.6,14.0%,44%,https://www.estimize.com/users/analyst_6420286
AAPL,Jan-26,11,108,9.8,8.6%,51%,https://www.estimize.com/users/analyst_6420286
IBM,Jan-25,9,-22,-2.3,4.4%,38%,https://www.estimize.com/users/analyst_6420286
BBWI,Feb-22,5,-37,-7.4,15.2%,33%,https://www.estimize.com/users/analyst_6420286
GILD,Feb-7,5,-24,-4.8,9.6%,41%,https://www.estimize.com/users/analyst_6420286
TEN,Feb-22,5,52,10.4,17.9%,53%,https://www.estimize.com/users/analyst_6420286
CWH,Feb-21,4,39,9.8,29.1%,62%,https://www.estimize.com/users/analyst_6420286
LULU,Dec-8,4,106,26.5,2.1%,75%,https://www.estimize.com/users/analyst_6420286
