TICKER,REPORTS,QUARTERS,POINTS,PTS_EST,ERROR RATE,ACCURACY,url
VRSN,Feb-9,5,-51,-10.2,3.1%,18%,https://www.estimize.com/users/analyst_3317790
AAPL,Jan-26,4,31,7.8,7.5%,57%,https://www.estimize.com/users/analyst_3317790
ADBE,Dec-15,4,59,14.8,2.1%,45%,https://www.estimize.com/users/analyst_3317790
MA,Feb-2,2,34,17,3.0%,43%,https://www.estimize.com/users/analyst_3317790
LULU,Dec-8,2,-14,-7,10.5%,12%,https://www.estimize.com/users/analyst_3317790
BAND,Feb-22,2,-13,-6.5,50.6%,13%,https://www.estimize.com/users/analyst_3317790
PAYC,Feb-8,1,4,4,5.6%,37%,https://www.estimize.com/users/analyst_3317790
