TICKER,REPORTS,QUARTERS,POINTS,PTS_EST,ERROR RATE,ACCURACY,url
TSLA,Jan-25,1,-14,-14,17.8%,22%,https://www.estimize.com/users/analyst_6775400
AMZN,Feb-2,1,11,11,25.9%,65%,https://www.estimize.com/users/analyst_6775400
AAPL,Jan-26,1,-2,-2,2.8%,80%,https://www.estimize.com/users/analyst_6775400
AMD,Jan-31,1,30,30,3.6%,67%,https://www.estimize.com/users/analyst_6775400
LRCX,Jan-25,1,20,20,1.1%,66%,https://www.estimize.com/users/analyst_6775400
NVDA,Feb-16,1,-8,-8,8.8%,47%,https://www.estimize.com/users/analyst_6775400
