TICKER,REPORTS,QUARTERS,POINTS,PTS_EST,ERROR RATE,ACCURACY,url
IBM,Jan-25,18,-112,-6.2,7.6%,31%,https://www.estimize.com/users/analyst_3893803
AXP,Jan-19,17,46,2.7,9.8%,47%,https://www.estimize.com/users/analyst_3893803
AAPL,Jan-26,15,179,11.9,5.1%,65%,https://www.estimize.com/users/analyst_3893803
PLNT,Feb-28,13,92,7.1,31.4%,58%,https://www.estimize.com/users/analyst_3893803
BIDU,Feb-23,13,117,9,15.8%,53%,https://www.estimize.com/users/analyst_3893803
DLTR,Mar-2,12,104,8.7,5.8%,56%,https://www.estimize.com/users/analyst_3893803
JNJ,Jan-24,12,112,9.3,5.0%,34%,https://www.estimize.com/users/analyst_3893803
MSFT,Jan-24,11,194,17.6,6.1%,55%,https://www.estimize.com/users/analyst_3893803
T,Jan-25,10,52,5.2,2.9%,58%,https://www.estimize.com/users/analyst_3893803
GOOGL,Jan-31,9,35,3.9,13.4%,41%,https://www.estimize.com/users/analyst_3893803
