TICKER,REPORTS,QUARTERS,POINTS,PTS_EST,ERROR RATE,ACCURACY,url
EA,Jan-31,15,166,11.1,14.8%,46%,https://www.estimize.com/users/theseedfund
MU,Dec-21,15,63,4.2,11.0%,36%,https://www.estimize.com/users/theseedfund
AAPL,Jan-26,13,117,9,8.9%,45%,https://www.estimize.com/users/theseedfund
NOK,Jan-26,10,-8,-0.8,20.3%,35%,https://www.estimize.com/users/theseedfund
NVDA,Feb-16,4,45,11.3,12.8%,63%,https://www.estimize.com/users/theseedfund
AMZN,Feb-2,1,14,14,1.2%,78%,https://www.estimize.com/users/theseedfund
DOCU,Dec-8,1,-12,-12,23.5%,25%,https://www.estimize.com/users/theseedfund
