TICKER,REPORTS,QUARTERS,POINTS,PTS_EST,ERROR RATE,ACCURACY,url
AAPL,Jan-26,1,26,26,4.3%,83%,https://www.estimize.com/users/analyst_4012120
EBAY,Feb-22,1,29,29,2.0%,70%,https://www.estimize.com/users/analyst_4012120
AMD,Jan-31,1,44,44,0.3%,73%,https://www.estimize.com/users/analyst_4012120
V,Feb-2,1,-7,-7,2.4%,46%,https://www.estimize.com/users/analyst_4012120
MSFT,Jan-24,1,16,16,7.1%,39%,https://www.estimize.com/users/analyst_4012120
RBLX,Feb-14,1,-6,-6,32.3%,63%,https://www.estimize.com/users/analyst_4012120
