TICKER,REPORTS,QUARTERS,POINTS,PTS_EST,ERROR RATE,ACCURACY,url
AMZN,Feb-2,1,-4,-4,50.6%,70%,https://www.estimize.com/users/analyst_8038687
AAPL,Jan-26,1,6,6,5.2%,49%,https://www.estimize.com/users/analyst_8038687
META,Feb-1,1,18,18,4.4%,64%,https://www.estimize.com/users/analyst_8038687
GOOGL,Jan-31,1,-8,-8,5.8%,51%,https://www.estimize.com/users/analyst_8038687
NVDA,Feb-16,1,14,14,10.9%,50%,https://www.estimize.com/users/analyst_8038687
MSFT,Jan-24,1,16,16,1.2%,65%,https://www.estimize.com/users/analyst_8038687
