TICKER,REPORTS,QUARTERS,POINTS,PTS_EST,ERROR RATE,ACCURACY,url
F,Jan-25,1,20,20,23.5%,59%,https://www.estimize.com/users/analyst_801704
GM,Jan-31,1,-7,-7,25.9%,50%,https://www.estimize.com/users/analyst_801704
SBUX,Jan-26,1,-4,-4,2.7%,67%,https://www.estimize.com/users/analyst_801704
AMZN,Feb-2,1,-3,-3,24.1%,79%,https://www.estimize.com/users/analyst_801704
AAPL,Jan-26,1,-3,-3,4.1%,73%,https://www.estimize.com/users/analyst_801704
META,Feb-1,1,23,23,1.2%,80%,https://www.estimize.com/users/analyst_801704
SKLZ,Mar-8,1,9,9,50.4%,76%,https://www.estimize.com/users/analyst_801704
HOOD,Jan-26,1,22,22,42.6%,76%,https://www.estimize.com/users/analyst_801704
