TICKER,REPORTS,QUARTERS,POINTS,PTS_EST,ERROR RATE,ACCURACY,url
SNAP,Feb-7,2,-8,-4,54.9%,13%,https://www.estimize.com/users/analyst_8251371
TSLA,Jan-25,1,15,15,9.8%,59%,https://www.estimize.com/users/analyst_8251371
AMZN,Feb-2,1,7,7,43.3%,52%,https://www.estimize.com/users/analyst_8251371
NFLX,Jan-17,1,-5,-5,18.9%,66%,https://www.estimize.com/users/analyst_8251371
INTC,Jan-26,1,-9,-9,14.2%,29%,https://www.estimize.com/users/analyst_8251371
MSFT,Jan-24,1,30,30,1.9%,70%,https://www.estimize.com/users/analyst_8251371
