TICKER,REPORTS,QUARTERS,POINTS,PTS_EST,ERROR RATE,ACCURACY,url
WMT,Feb-21,1,-14,-14,3.3%,15%,https://www.estimize.com/users/analyst_2726768
PARA,Feb-14,1,8,8,24.6%,72%,https://www.estimize.com/users/analyst_2726768
CMCSA,Jan-26,1,36,36,0.7%,64%,https://www.estimize.com/users/analyst_2726768
AMC,Mar-2,1,12,12,9.9%,63%,https://www.estimize.com/users/analyst_2726768
AAPL,Jan-26,1,17,17,6.7%,44%,https://www.estimize.com/users/analyst_2726768
QCOM,Feb-1,1,20,20,7.7%,57%,https://www.estimize.com/users/analyst_2726768
NCLH,Feb-23,1,2,2,4.1%,12%,https://www.estimize.com/users/analyst_2726768
TSM,Jan-12,1,-4,-4,0.9%,67%,https://www.estimize.com/users/analyst_2726768
