TICKER,REPORTS,QUARTERS,POINTS,PTS_EST,ERROR RATE,ACCURACY,url
MSFT,Jan-24,23,514,22.3,4.3%,68%,https://www.estimize.com/users/analyst_3712642
VEEV,Dec-1,23,560,24.3,3.6%,69%,https://www.estimize.com/users/analyst_3712642
META,Feb-1,19,345,18.2,5.6%,67%,https://www.estimize.com/users/analyst_3712642
CRM,Nov-30,13,380,29.2,6.1%,72%,https://www.estimize.com/users/analyst_3712642
LULU,Dec-8,13,292,22.5,3.2%,67%,https://www.estimize.com/users/analyst_3712642
NKE,Dec-20,12,239,19.9,7.5%,67%,https://www.estimize.com/users/analyst_3712642
V,Feb-2,10,216,21.6,3.5%,68%,https://www.estimize.com/users/analyst_3712642
ZS,Dec-1,10,273,27.3,11.9%,72%,https://www.estimize.com/users/analyst_3712642
SHAK,Feb-27,7,126,18,14.8%,60%,https://www.estimize.com/users/analyst_3712642
ULTA,Dec-1,7,180,25.7,13.8%,77%,https://www.estimize.com/users/analyst_3712642
