TICKER,REPORTS,QUARTERS,POINTS,PTS_EST,ERROR RATE,ACCURACY,url
DAL,Jan-12,4,-19,-4.8,51.1%,26%,https://www.estimize.com/users/analyst_398345
ORCL,Dec-15,3,10,3.3,2.4%,81%,https://www.estimize.com/users/analyst_398345
BAC,Jan-13,3,41,13.7,6.3%,57%,https://www.estimize.com/users/analyst_398345
HUN,Feb-14,2,-44,-22,21.9%,22%,https://www.estimize.com/users/analyst_398345
NKE,Dec-20,2,36,18,15.6%,46%,https://www.estimize.com/users/analyst_398345
WYNN,Jan-25,2,40,20,13.5%,65%,https://www.estimize.com/users/analyst_398345
NFLX,Jan-17,2,63,31.5,5.8%,67%,https://www.estimize.com/users/analyst_398345
BIDU,Feb-23,2,27,13.5,18.4%,54%,https://www.estimize.com/users/analyst_398345
BABA,Feb-1,2,72,36,3.3%,75%,https://www.estimize.com/users/analyst_398345
AAPL,Jan-26,2,0,0,5.1%,40%,https://www.estimize.com/users/analyst_398345
