TICKER,REPORTS,QUARTERS,POINTS,PTS_EST,ERROR RATE,ACCURACY,url
GE,Jan-24,5,6,1.2,17.9%,34%,https://www.estimize.com/users/analyst_2812021
PODD,Feb-27,4,33,8.3,29.8%,41%,https://www.estimize.com/users/analyst_2812021
RYAM,Feb-22,4,7,1.8,44.8%,49%,https://www.estimize.com/users/analyst_2812021
FIZZ,Dec-8,4,-35,-8.8,10.2%,17%,https://www.estimize.com/users/analyst_2812021
AMZN,Feb-2,3,-66,-22,51.8%,19%,https://www.estimize.com/users/analyst_2812021
BBWI,Feb-22,3,-15,-4.3,17.1%,39%,https://www.estimize.com/users/analyst_2812021
META,Feb-1,3,-42,-14,22.5%,23%,https://www.estimize.com/users/analyst_2812021
