TICKER,REPORTS,QUARTERS,POINTS,PTS_EST,ERROR RATE,ACCURACY,url
CSCO,Feb-15,11,311,28.3,1.3%,67%,https://www.estimize.com/users/analyst_1106540
WSM,Mar-15,10,99,9.9,8.7%,48%,https://www.estimize.com/users/analyst_1106540
OLLI,Dec-7,10,193,19.3,8.4%,59%,https://www.estimize.com/users/analyst_1106540
FIVE,Nov-30,10,191,19.1,15.5%,50%,https://www.estimize.com/users/analyst_1106540
FSLR,Feb-23,9,46,5.1,32.8%,59%,https://www.estimize.com/users/analyst_1106540
YY,Nov-28,9,84,9.3,20.8%,41%,https://www.estimize.com/users/analyst_1106540
RH,Dec-7,9,132,14.7,9.3%,56%,https://www.estimize.com/users/analyst_1106540
THO,Dec-7,9,111,12.3,13.7%,56%,https://www.estimize.com/users/analyst_1106540
META,Feb-1,9,65,7.2,8.9%,35%,https://www.estimize.com/users/analyst_1106540
EA,Jan-31,9,-20,-2.2,26.4%,27%,https://www.estimize.com/users/analyst_1106540
