TICKER,REPORTS,QUARTERS,POINTS,PTS_EST,ERROR RATE,ACCURACY,url
APD,Jan-27,4,10,2.5,5.9%,19%,https://www.estimize.com/users/analyst_2324096
NKE,Dec-20,4,-14,-3.5,10.3%,33%,https://www.estimize.com/users/analyst_2324096
TSLA,Jan-25,4,22,5.5,44.9%,52%,https://www.estimize.com/users/analyst_2324096
JBLU,Jan-26,4,-137,-34.3,66.7%,3%,https://www.estimize.com/users/analyst_2324096
LUV,Jan-26,4,-113,-28.3,44.8%,0%,https://www.estimize.com/users/analyst_2324096
LAD,Feb-8,4,-41,-10.3,11.8%,24%,https://www.estimize.com/users/analyst_2324096
WSM,Mar-15,4,-23,-5.8,12.5%,19%,https://www.estimize.com/users/analyst_2324096
BBBY,Jan-5,4,-18,-4.5,56.4%,25%,https://www.estimize.com/users/analyst_2324096
AMZN,Feb-2,4,-41,-10.3,36.8%,28%,https://www.estimize.com/users/analyst_2324096
NFLX,Jan-17,4,29,7.3,7.1%,45%,https://www.estimize.com/users/analyst_2324096
