TICKER,REPORTS,QUARTERS,POINTS,PTS_EST,ERROR RATE,ACCURACY,url
FOSL,Feb-14,1,12,12,16.9%,37%,https://www.estimize.com/users/analyst_9549261
AMZN,Feb-2,1,17,17,5.7%,70%,https://www.estimize.com/users/analyst_9549261
BRK-B,Feb-27,1,12,12,21.7%,70%,https://www.estimize.com/users/analyst_9549261
AAPL,Jan-26,1,10,10,1.8%,62%,https://www.estimize.com/users/analyst_9549261
CSCO,Feb-15,1,-12,-12,4.3%,22%,https://www.estimize.com/users/analyst_9549261
INTC,Jan-26,1,8,8,20.5%,59%,https://www.estimize.com/users/analyst_9549261
