TICKER,REPORTS,QUARTERS,POINTS,PTS_EST,ERROR RATE,ACCURACY,url
AAPL,Jan-26,27,105,3.9,7.1%,41%,https://www.estimize.com/users/relte
TSLA,Jan-25,25,-227,-9.1,37.0%,25%,https://www.estimize.com/users/relte
NFLX,Jan-17,22,-47,-2.1,17.7%,26%,https://www.estimize.com/users/relte
META,Feb-1,15,266,17.7,4.8%,68%,https://www.estimize.com/users/relte
AMZN,Feb-2,14,28,2,18.6%,43%,https://www.estimize.com/users/relte
MSFT,Jan-24,13,157,12.1,5.4%,52%,https://www.estimize.com/users/relte
GPRO,Feb-2,13,-135,-10.4,41.3%,18%,https://www.estimize.com/users/relte
GOOGL,Jan-31,11,1,0.1,5.5%,35%,https://www.estimize.com/users/relte
DIS,Feb-7,11,2,0.2,16.7%,34%,https://www.estimize.com/users/relte
IBM,Jan-25,10,-95,-9.5,3.9%,22%,https://www.estimize.com/users/relte
