TICKER,REPORTS,QUARTERS,POINTS,PTS_EST,ERROR RATE,ACCURACY,url
PFE,Jan-31,4,96,24,5.3%,72%,https://www.estimize.com/users/analyst_3094682
HPQ,Feb-23,3,50,16.7,2.0%,63%,https://www.estimize.com/users/analyst_3094682
META,Feb-1,3,4,1.3,9.5%,52%,https://www.estimize.com/users/analyst_3094682
PHM,Jan-31,3,-19,-6.3,6.2%,39%,https://www.estimize.com/users/analyst_3094682
INTC,Jan-26,3,-1,-0.3,28.5%,65%,https://www.estimize.com/users/analyst_3094682
MOS,Feb-21,3,-23,-7.7,8.7%,41%,https://www.estimize.com/users/analyst_3094682
COF,Jan-24,3,17,5.7,5.9%,58%,https://www.estimize.com/users/analyst_3094682
F,Jan-25,3,-24,-8,37.9%,33%,https://www.estimize.com/users/analyst_3094682
DKS,Mar-7,3,1,0.3,7.5%,36%,https://www.estimize.com/users/analyst_3094682
FL,Feb-24,2,-13,-6.5,9.3%,30%,https://www.estimize.com/users/analyst_3094682
