TICKER,REPORTS,QUARTERS,POINTS,PTS_EST,ERROR RATE,ACCURACY,url
CPRT,Feb-22,2,47,23.5,15.0%,59%,https://www.estimize.com/users/analyst_6836835
ATVI,Feb-9,2,28,14,4.3%,61%,https://www.estimize.com/users/analyst_6836835
AAPL,Jan-26,1,26,26,5.7%,69%,https://www.estimize.com/users/analyst_6836835
GLW,Jan-24,1,0,0,6.2%,28%,https://www.estimize.com/users/analyst_6836835
ETSY,Feb-28,1,20,20,14.9%,55%,https://www.estimize.com/users/analyst_6836835
MSFT,Jan-24,1,0,0,7.9%,38%,https://www.estimize.com/users/analyst_6836835
