TICKER,REPORTS,QUARTERS,POINTS,PTS_EST,ERROR RATE,ACCURACY,url
TSN,Feb-9,1,19,19,18.4%,47%,https://www.estimize.com/users/taz20075
TSLA,Jan-25,1,42,42,4.7%,82%,https://www.estimize.com/users/taz20075
AMZN,Feb-2,1,8,8,42.2%,55%,https://www.estimize.com/users/taz20075
MSI,Feb-2,1,9,9,1.4%,65%,https://www.estimize.com/users/taz20075
ZBRA,Feb-23,1,33,33,4.7%,82%,https://www.estimize.com/users/taz20075
ENPH,Feb-7,1,-15,-15,22.0%,6%,https://www.estimize.com/users/taz20075
LYFT,Feb-7,1,-7,-7,20.7%,39%,https://www.estimize.com/users/taz20075
