TICKER,REPORTS,QUARTERS,POINTS,PTS_EST,ERROR RATE,ACCURACY,url
AAPL,Jan-26,13,51,3.9,5.9%,33%,https://www.estimize.com/users/joey
AMD,Jan-31,13,-23,-1.8,17.4%,34%,https://www.estimize.com/users/joey
NVDA,Feb-16,11,170,15.5,12.1%,67%,https://www.estimize.com/users/joey
BABA,Feb-1,11,62,5.6,9.2%,45%,https://www.estimize.com/users/joey
HIMX,Feb-16,10,-2,-0.2,24.6%,42%,https://www.estimize.com/users/joey
WB,Mar-2,4,23,5.8,6.6%,36%,https://www.estimize.com/users/joey
PLTR,Feb-15,3,-43,-14.3,52.9%,11%,https://www.estimize.com/users/joey
INTC,Jan-26,1,25,25,12.6%,95%,https://www.estimize.com/users/joey
PYPL,Feb-1,1,-32,-32,17.4%,9%,https://www.estimize.com/users/joey
NAT,Nov-30,1,-3,-3,7.8%,67%,https://www.estimize.com/users/joey
