TICKER,REPORTS,QUARTERS,POINTS,PTS_EST,ERROR RATE,ACCURACY,url
NOC,Jan-26,21,315,15,4.5%,65%,https://www.estimize.com/users/analyst_1739907
MSFT,Jan-24,20,504,25.2,2.9%,75%,https://www.estimize.com/users/analyst_1739907
INTC,Jan-26,20,248,12.4,11.4%,60%,https://www.estimize.com/users/analyst_1739907
CSCO,Feb-15,20,310,15.5,1.6%,59%,https://www.estimize.com/users/analyst_1739907
AAPL,Jan-26,19,356,18.7,5.1%,65%,https://www.estimize.com/users/analyst_1739907
TROW,Jan-26,15,189,12.6,4.4%,57%,https://www.estimize.com/users/analyst_1739907
BMY,Feb-2,13,169,13,4.9%,52%,https://www.estimize.com/users/analyst_1739907
META,Feb-1,13,112,8.6,5.9%,59%,https://www.estimize.com/users/analyst_1739907
SYF,Jan-27,13,84,6.5,14.2%,50%,https://www.estimize.com/users/analyst_1739907
MET,Feb-1,12,172,14.3,9.7%,54%,https://www.estimize.com/users/analyst_1739907
