TICKER,REPORTS,QUARTERS,POINTS,PTS_EST,ERROR RATE,ACCURACY,url
CRM,Nov-30,7,167,23.9,6.3%,58%,https://www.estimize.com/users/analyst_2016132
GOOGL,Jan-31,6,84,14,7.4%,61%,https://www.estimize.com/users/analyst_2016132
WDAY,Nov-29,4,35,8.8,8.8%,30%,https://www.estimize.com/users/analyst_2016132
CCEP,Feb-16,4,16,4,21.4%,32%,https://www.estimize.com/users/analyst_2016132
GOLD,Feb-15,3,7,2,11.8%,59%,https://www.estimize.com/users/analyst_2016132
AMZN,Feb-2,3,40,13.3,35.0%,53%,https://www.estimize.com/users/analyst_2016132
ORCL,Dec-15,3,34,11.3,2.7%,68%,https://www.estimize.com/users/analyst_2016132
XM,Mar-7,2,-4,-2,52.3%,31%,https://www.estimize.com/users/analyst_2016132
BUD,Mar-2,2,-37,-18.5,32.2%,13%,https://www.estimize.com/users/analyst_2016132
NOW,Jan-25,2,35,17.5,1.7%,70%,https://www.estimize.com/users/analyst_2016132
