TICKER,REPORTS,QUARTERS,POINTS,PTS_EST,ERROR RATE,ACCURACY,url
AMZN,Feb-2,1,3,3,10.8%,38%,https://www.estimize.com/users/analyst_2850033
BMY,Feb-2,1,17,17,2.5%,40%,https://www.estimize.com/users/analyst_2850033
QCOM,Feb-1,1,37,37,3.2%,79%,https://www.estimize.com/users/analyst_2850033
CSCO,Feb-15,1,17,17,1.3%,66%,https://www.estimize.com/users/analyst_2850033
META,Feb-1,1,18,18,8.4%,49%,https://www.estimize.com/users/analyst_2850033
AMD,Jan-31,1,8,8,9.7%,51%,https://www.estimize.com/users/analyst_2850033
INTC,Jan-26,1,15,15,9.5%,35%,https://www.estimize.com/users/analyst_2850033
TXN,Jan-24,1,13,13,7.5%,33%,https://www.estimize.com/users/analyst_2850033
TSM,Jan-12,1,-4,-4,2.8%,61%,https://www.estimize.com/users/analyst_2850033
PINS,Feb-2,1,37,37,12.1%,83%,https://www.estimize.com/users/analyst_2850033
