TICKER,REPORTS,QUARTERS,POINTS,PTS_EST,ERROR RATE,ACCURACY,url
MU,Dec-21,5,61,12.2,5.4%,57%,https://www.estimize.com/users/analyst_7399367
NFLX,Jan-17,5,71,14.2,7.6%,64%,https://www.estimize.com/users/analyst_7399367
ZEN,Feb-9,5,24,4.8,13.8%,52%,https://www.estimize.com/users/analyst_7399367
FDX,Dec-20,5,17,3.4,7.2%,37%,https://www.estimize.com/users/analyst_7399367
AMD,Jan-31,5,111,22.2,6.6%,67%,https://www.estimize.com/users/analyst_7399367
PINS,Feb-2,5,89,17.8,29.5%,42%,https://www.estimize.com/users/analyst_7399367
EA,Jan-31,4,63,15.8,14.5%,61%,https://www.estimize.com/users/analyst_7399367
STZ,Jan-5,4,84,21,4.7%,53%,https://www.estimize.com/users/analyst_7399367
INTC,Jan-26,4,15,3.8,24.9%,53%,https://www.estimize.com/users/analyst_7399367
JNPR,Jan-26,4,22,5.5,3.9%,58%,https://www.estimize.com/users/analyst_7399367
