TICKER,REPORTS,QUARTERS,POINTS,PTS_EST,ERROR RATE,ACCURACY,url
BB,Dec-15,14,-123,-8.8,49.5%,18%,https://www.estimize.com/users/analyst_2881495
CRWD,Nov-29,11,-80,-7,36.2%,22%,https://www.estimize.com/users/analyst_2881495
AAPL,Jan-26,8,-120,-15,8.5%,19%,https://www.estimize.com/users/analyst_2881495
BLDP,Mar-13,7,22,3.1,28.6%,49%,https://www.estimize.com/users/analyst_2881495
META,Feb-1,6,26,4.3,11.5%,43%,https://www.estimize.com/users/analyst_2881495
SNAP,Feb-7,5,54,10.8,35.0%,47%,https://www.estimize.com/users/analyst_2881495
PLUG,Mar-9,4,-22,-5.5,32.9%,26%,https://www.estimize.com/users/analyst_2881495
TSLA,Jan-25,4,-43,-10.8,24.6%,21%,https://www.estimize.com/users/analyst_2881495
PANW,Feb-28,2,-48,-24,6.1%,8%,https://www.estimize.com/users/analyst_2881495
ZS,Dec-1,2,-36,-18,39.2%,6%,https://www.estimize.com/users/analyst_2881495
