TICKER,REPORTS,QUARTERS,POINTS,PTS_EST,ERROR RATE,ACCURACY,url
MSFT,Jan-24,4,-69,-17.3,4.8%,16%,https://www.estimize.com/users/analyst_7950040
NFLX,Jan-17,4,-40,-10,11.2%,20%,https://www.estimize.com/users/analyst_7950040
BABA,Feb-1,3,41,13.7,7.7%,52%,https://www.estimize.com/users/analyst_7950040
ABBV,Jan-27,2,26,13,1.6%,62%,https://www.estimize.com/users/analyst_7950040
TSLA,Jan-25,2,36,18,4.6%,68%,https://www.estimize.com/users/analyst_7950040
AMZN,Feb-2,1,-4,-4,50.4%,71%,https://www.estimize.com/users/analyst_7950040
AAPL,Jan-26,1,-7,-7,5.3%,48%,https://www.estimize.com/users/analyst_7950040
INTC,Jan-26,1,28,28,5.5%,79%,https://www.estimize.com/users/analyst_7950040
ATVI,Feb-9,1,-20,-20,20.3%,3%,https://www.estimize.com/users/analyst_7950040
OXY,Feb-14,1,-17,-17,15.7%,14%,https://www.estimize.com/users/analyst_7950040
