TICKER,REPORTS,QUARTERS,POINTS,PTS_EST,ERROR RATE,ACCURACY,url
ETSY,Feb-28,2,47,23.5,29.1%,81%,https://www.estimize.com/users/dalahorse
MOV,Mar-30,1,5,5,6.9%,40%,https://www.estimize.com/users/dalahorse
HD,Feb-21,1,-10,-10,3.0%,36%,https://www.estimize.com/users/dalahorse
GPS,Mar-2,1,-7,-7,52.8%,26%,https://www.estimize.com/users/dalahorse
AMZN,Feb-2,1,-7,-7,15.2%,48%,https://www.estimize.com/users/dalahorse
BLDR,Feb-28,1,-7,-7,23.1%,42%,https://www.estimize.com/users/dalahorse
SWK,Jan-26,1,-12,-12,6.3%,5%,https://www.estimize.com/users/dalahorse
ANET,Feb-16,1,-9,-9,14.3%,17%,https://www.estimize.com/users/dalahorse
FISV,Feb-7,1,18,18,0.8%,96%,https://www.estimize.com/users/dalahorse
PLAY,Dec-6,1,-7,-7,9.5%,39%,https://www.estimize.com/users/dalahorse
