TICKER,REPORTS,QUARTERS,POINTS,PTS_EST,ERROR RATE,ACCURACY,url
MU,Dec-21,23,243,10.6,6.6%,55%,https://www.estimize.com/users/stig55
AMD,Jan-31,18,310,17.2,11.3%,58%,https://www.estimize.com/users/stig55
LRCX,Jan-25,14,188,13.4,4.7%,53%,https://www.estimize.com/users/stig55
INTC,Jan-26,14,102,7.3,8.3%,39%,https://www.estimize.com/users/stig55
NVDA,Feb-16,13,188,14.5,12.3%,53%,https://www.estimize.com/users/stig55
AAPL,Jan-26,12,241,20.1,6.1%,63%,https://www.estimize.com/users/stig55
AMAT,Feb-15,12,220,18.3,3.6%,59%,https://www.estimize.com/users/stig55
ORCL,Dec-15,11,187,17,2.8%,62%,https://www.estimize.com/users/stig55
WDC,Jan-26,11,160,14.5,12.6%,63%,https://www.estimize.com/users/stig55
MSFT,Jan-24,11,67,6.1,7.7%,27%,https://www.estimize.com/users/stig55
