TICKER,REPORTS,QUARTERS,POINTS,PTS_EST,ERROR RATE,ACCURACY,url
NVDA,Feb-16,17,305,17.9,10.1%,63%,https://www.estimize.com/users/analyst_6536648
MU,Dec-21,14,376,26.9,4.1%,64%,https://www.estimize.com/users/analyst_6536648
AMD,Jan-31,13,121,9,13.9%,58%,https://www.estimize.com/users/analyst_6536648
AAPL,Jan-26,13,239,18.5,5.3%,69%,https://www.estimize.com/users/analyst_6536648
DVAX,Mar-14,11,-6,-0.5,40.9%,57%,https://www.estimize.com/users/analyst_6536648
AMRN,Feb-28,11,118,10.7,40.7%,58%,https://www.estimize.com/users/analyst_6536648
WDC,Jan-26,10,126,12.6,4.8%,59%,https://www.estimize.com/users/analyst_6536648
QCOM,Feb-1,9,167,18.6,3.7%,61%,https://www.estimize.com/users/analyst_6536648
AMAT,Feb-15,9,207,23,2.8%,60%,https://www.estimize.com/users/analyst_6536648
IMGN,Feb-10,8,-42,-5.3,46.4%,24%,https://www.estimize.com/users/analyst_6536648
