TICKER,REPORTS,QUARTERS,POINTS,PTS_EST,ERROR RATE,ACCURACY,url
F,Jan-25,1,21,21,18.3%,64%,https://www.estimize.com/users/analyst_9665385
AMZN,Feb-2,1,13,13,20.7%,68%,https://www.estimize.com/users/analyst_9665385
NUE,Jan-31,1,-21,-21,13.5%,4%,https://www.estimize.com/users/analyst_9665385
XOM,Jan-31,1,38,38,4.2%,77%,https://www.estimize.com/users/analyst_9665385
HUM,Feb-8,1,23,23,5.3%,61%,https://www.estimize.com/users/analyst_9665385
AAPL,Jan-26,1,18,18,1.2%,72%,https://www.estimize.com/users/analyst_9665385
META,Feb-1,1,22,22,2.2%,74%,https://www.estimize.com/users/analyst_9665385
GOOGL,Jan-31,1,-7,-7,7.7%,39%,https://www.estimize.com/users/analyst_9665385
MSFT,Jan-24,1,-5,-5,3.7%,58%,https://www.estimize.com/users/analyst_9665385
