TICKER,REPORTS,QUARTERS,POINTS,PTS_EST,ERROR RATE,ACCURACY,url
GOOGL,Jan-31,3,-12,-4,6.3%,68%,https://www.estimize.com/users/analyst_7158844
META,Feb-1,3,30,10,6.4%,64%,https://www.estimize.com/users/analyst_7158844
TSLA,Jan-25,2,48,24,6.1%,69%,https://www.estimize.com/users/analyst_7158844
NFLX,Jan-17,1,5,5,8.8%,44%,https://www.estimize.com/users/analyst_7158844
LUV,Jan-26,1,-4,-4,7.5%,59%,https://www.estimize.com/users/analyst_7158844
MSFT,Jan-24,1,-4,-4,2.6%,72%,https://www.estimize.com/users/analyst_7158844
UAA,Feb-14,1,22,22,50.1%,68%,https://www.estimize.com/users/analyst_7158844
SNAP,Feb-7,1,-4,-4,27.3%,63%,https://www.estimize.com/users/analyst_7158844
LULU,Dec-8,1,33,33,2.2%,65%,https://www.estimize.com/users/analyst_7158844
AMZN,Feb-2,1,14,14,15.6%,70%,https://www.estimize.com/users/analyst_7158844
