TICKER,REPORTS,QUARTERS,POINTS,PTS_EST,ERROR RATE,ACCURACY,url
NGD,Feb-16,2,-19,-9.5,45.8%,39%,https://www.estimize.com/users/analyst_3594019
BIDU,Feb-23,1,32,32,13.9%,64%,https://www.estimize.com/users/analyst_3594019
AMZN,Feb-2,1,-5,-5,50.9%,67%,https://www.estimize.com/users/analyst_3594019
AAPL,Jan-26,1,-10,-10,6.7%,36%,https://www.estimize.com/users/analyst_3594019
MU,Dec-21,1,16,16,1.6%,70%,https://www.estimize.com/users/analyst_3594019
UBER,Feb-8,1,30,30,24.4%,86%,https://www.estimize.com/users/analyst_3594019
GOLD,Feb-15,1,-10,-10,13.1%,35%,https://www.estimize.com/users/analyst_3594019
