TICKER,REPORTS,QUARTERS,POINTS,PTS_EST,ERROR RATE,ACCURACY,url
MSFT,Jan-24,16,102,6.4,5.3%,42%,https://www.estimize.com/users/analyst_7655753
BAC,Jan-13,15,105,7,12.0%,40%,https://www.estimize.com/users/analyst_7655753
COST,Dec-8,14,102,7.3,3.5%,44%,https://www.estimize.com/users/analyst_7655753
IBM,Jan-25,13,146,11.2,3.3%,46%,https://www.estimize.com/users/analyst_7655753
NKE,Dec-20,13,217,16.7,5.4%,54%,https://www.estimize.com/users/analyst_7655753
HD,Feb-21,12,223,18.6,1.7%,64%,https://www.estimize.com/users/analyst_7655753
AAPL,Jan-26,12,34,2.8,7.0%,40%,https://www.estimize.com/users/analyst_7655753
DIS,Feb-7,12,34,2.8,7.1%,50%,https://www.estimize.com/users/analyst_7655753
CSCO,Feb-15,12,140,11.7,1.8%,53%,https://www.estimize.com/users/analyst_7655753
NFLX,Jan-17,12,126,10.5,11.4%,52%,https://www.estimize.com/users/analyst_7655753
