TICKER,REPORTS,QUARTERS,POINTS,PTS_EST,ERROR RATE,ACCURACY,url
AMZN,Feb-2,5,-75,-15,44.1%,22%,https://www.estimize.com/users/analyst_4168347
UCTT,Feb-22,4,-119,-29.8,29.1%,3%,https://www.estimize.com/users/analyst_4168347
META,Feb-1,4,-93,-23.3,26.0%,10%,https://www.estimize.com/users/analyst_4168347
MCD,Jan-26,3,4,1.3,4.9%,22%,https://www.estimize.com/users/analyst_4168347
AAPL,Jan-26,2,51,25.5,2.2%,57%,https://www.estimize.com/users/analyst_4168347
LOW,Mar-1,1,5,5,8.0%,45%,https://www.estimize.com/users/analyst_4168347
HD,Feb-21,1,18,18,4.9%,43%,https://www.estimize.com/users/analyst_4168347
CPB,Dec-7,1,-39,-39,22.7%,0%,https://www.estimize.com/users/analyst_4168347
TGT,Feb-28,1,18,18,5.5%,41%,https://www.estimize.com/users/analyst_4168347
HRL,Nov-30,1,-11,-11,3.2%,36%,https://www.estimize.com/users/analyst_4168347
