TICKER,REPORTS,QUARTERS,POINTS,PTS_EST,ERROR RATE,ACCURACY,url
UNP,Jan-19,6,-63,-10.5,7.2%,19%,https://www.estimize.com/users/matthewjh
DIS,Feb-7,4,30,7.5,20.0%,56%,https://www.estimize.com/users/matthewjh
CVS,Feb-9,3,79,26.3,1.7%,70%,https://www.estimize.com/users/matthewjh
BABA,Feb-1,3,39,13,4.8%,63%,https://www.estimize.com/users/matthewjh
GPRO,Feb-2,3,112,37.3,5.4%,71%,https://www.estimize.com/users/matthewjh
AA,Jan-18,3,-58,-19.3,49.3%,28%,https://www.estimize.com/users/matthewjh
META,Feb-1,2,24,12,4.6%,59%,https://www.estimize.com/users/matthewjh
CAT,Jan-26,2,15,7.5,4.5%,55%,https://www.estimize.com/users/matthewjh
INTC,Jan-26,2,46,23,2.5%,71%,https://www.estimize.com/users/matthewjh
KO,Feb-9,2,32,16,3.9%,55%,https://www.estimize.com/users/matthewjh
