TICKER,REPORTS,QUARTERS,POINTS,PTS_EST,ERROR RATE,ACCURACY,url
NUE,Jan-31,2,-17,-8.5,10.6%,23%,https://www.estimize.com/users/analyst_8972192
AMZN,Feb-2,1,-27,-27,50.5%,4%,https://www.estimize.com/users/analyst_8972192
AAPL,Jan-26,1,40,40,0.5%,74%,https://www.estimize.com/users/analyst_8972192
PANW,Feb-28,1,29,29,6.7%,63%,https://www.estimize.com/users/analyst_8972192
META,Feb-1,1,23,23,9.5%,71%,https://www.estimize.com/users/analyst_8972192
GOOGL,Jan-31,1,-5,-5,11.5%,63%,https://www.estimize.com/users/analyst_8972192
FSLR,Feb-23,1,-11,-11,61.1%,14%,https://www.estimize.com/users/analyst_8972192
MSFT,Jan-24,1,31,31,0.7%,70%,https://www.estimize.com/users/analyst_8972192
SHOP,Feb-15,1,38,38,50.7%,70%,https://www.estimize.com/users/analyst_8972192
SEDG,Feb-14,1,15,15,32.8%,56%,https://www.estimize.com/users/analyst_8972192
