TICKER,REPORTS,QUARTERS,POINTS,PTS_EST,ERROR RATE,ACCURACY,url
GOOGL,Jan-31,6,47,7.8,11.5%,46%,https://www.estimize.com/users/analyst_8515113
CG,Feb-2,6,11,1.8,29.7%,28%,https://www.estimize.com/users/analyst_8515113
WCC,Feb-2,5,84,16.8,7.9%,47%,https://www.estimize.com/users/analyst_8515113
DIS,Feb-7,5,64,12.8,22.3%,59%,https://www.estimize.com/users/analyst_8515113
AVGO,Dec-8,5,90,18,1.3%,55%,https://www.estimize.com/users/analyst_8515113
BAC,Jan-13,4,90,22.5,1.5%,79%,https://www.estimize.com/users/analyst_8515113
CCS,Feb-14,4,110,27.5,5.3%,61%,https://www.estimize.com/users/analyst_8515113
APAM,Feb-6,4,-9,-2.3,6.6%,41%,https://www.estimize.com/users/analyst_8515113
CVS,Feb-9,4,100,25,3.4%,62%,https://www.estimize.com/users/analyst_8515113
CMCSA,Jan-26,3,47,15.7,1.4%,49%,https://www.estimize.com/users/analyst_8515113
