TICKER,REPORTS,QUARTERS,POINTS,PTS_EST,ERROR RATE,ACCURACY,url
AMZN,Feb-2,1,11,11,10.6%,58%,https://www.estimize.com/users/analyst_2366963
JPM,Jan-13,1,-10,-10,11.3%,33%,https://www.estimize.com/users/analyst_2366963
AAPL,Jan-26,1,23,23,10.0%,64%,https://www.estimize.com/users/analyst_2366963
GOOGL,Jan-31,1,-9,-9,19.8%,29%,https://www.estimize.com/users/analyst_2366963
MSFT,Jan-24,1,23,23,5.2%,61%,https://www.estimize.com/users/analyst_2366963
T,Jan-25,1,-9,-9,7.2%,19%,https://www.estimize.com/users/analyst_2366963
