TICKER,REPORTS,QUARTERS,POINTS,PTS_EST,ERROR RATE,ACCURACY,url
META,Feb-1,5,-5,-1,16.1%,36%,https://www.estimize.com/users/analyst_872423
PINS,Feb-2,5,-27,-5.4,30.5%,23%,https://www.estimize.com/users/analyst_872423
BABA,Feb-1,4,-40,-10,14.4%,35%,https://www.estimize.com/users/analyst_872423
AMZN,Feb-2,1,-20,-20,54.1%,5%,https://www.estimize.com/users/analyst_872423
BZUN,Nov-29,1,-6,-6,51.7%,57%,https://www.estimize.com/users/analyst_872423
PDD,Nov-28,1,-5,-5,26.7%,52%,https://www.estimize.com/users/analyst_872423
VIPS,Feb-22,1,-4,-4,44.2%,57%,https://www.estimize.com/users/analyst_872423
