TICKER,REPORTS,QUARTERS,POINTS,PTS_EST,ERROR RATE,ACCURACY,url
AAPL,Jan-26,35,511,14.6,5.1%,59%,https://www.estimize.com/users/gathurm
NFLX,Jan-17,7,37,5.3,12.0%,57%,https://www.estimize.com/users/gathurm
TSLA,Jan-25,7,88,12.6,31.5%,57%,https://www.estimize.com/users/gathurm
FDX,Dec-20,5,-8,-1.6,2.2%,36%,https://www.estimize.com/users/gathurm
META,Feb-1,4,92,23,2.6%,63%,https://www.estimize.com/users/gathurm
SWKS,Feb-2,3,31,10.3,2.2%,52%,https://www.estimize.com/users/gathurm
IBM,Jan-25,3,23,7.7,2.6%,45%,https://www.estimize.com/users/gathurm
CAT,Jan-26,3,-23,-7.7,8.9%,31%,https://www.estimize.com/users/gathurm
DE,Feb-17,3,70,23.3,6.9%,78%,https://www.estimize.com/users/gathurm
V,Feb-2,1,-11,-11,1.9%,20%,https://www.estimize.com/users/gathurm
