TICKER,REPORTS,QUARTERS,POINTS,PTS_EST,ERROR RATE,ACCURACY,url
AAPL,Jan-26,2,12,6,5.4%,44%,https://www.estimize.com/users/analyst_861834
LULU,Dec-8,1,31,31,2.4%,80%,https://www.estimize.com/users/analyst_861834
FL,Feb-24,1,-12,-12,9.6%,26%,https://www.estimize.com/users/analyst_861834
OSIS,Jan-26,1,21,21,2.9%,56%,https://www.estimize.com/users/analyst_861834
MU,Dec-21,1,11,11,32.1%,54%,https://www.estimize.com/users/analyst_861834
ADBE,Dec-15,1,-11,-11,2.1%,15%,https://www.estimize.com/users/analyst_861834
NKE,Dec-20,1,1,1,11.4%,18%,https://www.estimize.com/users/analyst_861834
ORCL,Dec-15,1,-10,-10,3.7%,39%,https://www.estimize.com/users/analyst_861834
