TICKER,REPORTS,QUARTERS,POINTS,PTS_EST,ERROR RATE,ACCURACY,url
C,Jan-13,2,9,4.5,10.8%,35%,https://www.estimize.com/users/analyst_5450658
AAPL,Jan-26,2,23,11.5,3.8%,54%,https://www.estimize.com/users/analyst_5450658
GOOGL,Jan-31,2,-18,-9,11.2%,38%,https://www.estimize.com/users/analyst_5450658
V,Feb-2,2,29,14.5,4.1%,39%,https://www.estimize.com/users/analyst_5450658
MSFT,Jan-24,2,-8,-4,3.9%,27%,https://www.estimize.com/users/analyst_5450658
MELI,Feb-23,1,28,28,6.4%,62%,https://www.estimize.com/users/analyst_5450658
TSLA,Jan-25,1,40,40,1.8%,80%,https://www.estimize.com/users/analyst_5450658
AMZN,Feb-2,1,16,16,50.4%,68%,https://www.estimize.com/users/analyst_5450658
KO,Feb-9,1,34,34,2.7%,65%,https://www.estimize.com/users/analyst_5450658
META,Feb-1,1,-9,-9,11.3%,39%,https://www.estimize.com/users/analyst_5450658
