TICKER,REPORTS,QUARTERS,POINTS,PTS_EST,ERROR RATE,ACCURACY,url
DIS,Feb-7,1,12,12,2.4%,62%,https://www.estimize.com/users/reggy26510606
AMZN,Feb-2,1,16,16,19.3%,38%,https://www.estimize.com/users/reggy26510606
AXP,Jan-19,1,10,10,2.0%,42%,https://www.estimize.com/users/reggy26510606
UNH,Jan-17,1,14,14,0.8%,81%,https://www.estimize.com/users/reggy26510606
AAPL,Jan-26,1,23,23,4.7%,75%,https://www.estimize.com/users/reggy26510606
GOOGL,Jan-31,1,7,7,8.7%,58%,https://www.estimize.com/users/reggy26510606
AMD,Jan-31,1,10,10,5.2%,50%,https://www.estimize.com/users/reggy26510606
V,Feb-2,1,-3,-3,1.3%,75%,https://www.estimize.com/users/reggy26510606
SHOP,Feb-15,1,4,4,34.4%,16%,https://www.estimize.com/users/reggy26510606
