TICKER,REPORTS,QUARTERS,POINTS,PTS_EST,ERROR RATE,ACCURACY,url
TXN,Jan-24,27,552,20.4,4.2%,69%,https://www.estimize.com/users/upandtotheright
MSFT,Jan-24,26,548,21.1,4.1%,67%,https://www.estimize.com/users/upandtotheright
PYPL,Feb-1,26,574,22.1,2.5%,67%,https://www.estimize.com/users/upandtotheright
LRCX,Jan-25,26,625,24,3.0%,63%,https://www.estimize.com/users/upandtotheright
MA,Feb-2,26,558,21.5,3.2%,65%,https://www.estimize.com/users/upandtotheright
QCOM,Feb-1,25,555,22.2,4.5%,66%,https://www.estimize.com/users/upandtotheright
INTC,Jan-26,25,401,16,9.0%,64%,https://www.estimize.com/users/upandtotheright
AAPL,Jan-26,25,555,22.2,3.8%,67%,https://www.estimize.com/users/upandtotheright
FFIV,Jan-25,25,540,21.6,2.0%,63%,https://www.estimize.com/users/upandtotheright
V,Feb-2,24,537,22.4,2.4%,65%,https://www.estimize.com/users/upandtotheright
