TICKER,REPORTS,QUARTERS,POINTS,PTS_EST,ERROR RATE,ACCURACY,url
LULU,Dec-8,1,-9,-9,7.1%,37%,https://www.estimize.com/users/gonzo1511
AMZN,Feb-2,1,5,5,20.0%,34%,https://www.estimize.com/users/gonzo1511
NFLX,Jan-17,1,26,26,30.5%,47%,https://www.estimize.com/users/gonzo1511
JD,Mar-2,1,13,13,13.7%,70%,https://www.estimize.com/users/gonzo1511
AAPL,Jan-26,1,-8,-8,7.2%,35%,https://www.estimize.com/users/gonzo1511
CMRX,Mar-2,1,-6,-6,40.4%,74%,https://www.estimize.com/users/gonzo1511
ABNB,Feb-23,1,11,11,17.2%,61%,https://www.estimize.com/users/gonzo1511
