TICKER,REPORTS,QUARTERS,POINTS,PTS_EST,ERROR RATE,ACCURACY,url
LOW,Mar-1,4,51,12.8,3.4%,48%,https://www.estimize.com/users/analyst_1415217
AMZN,Feb-2,4,29,7.3,37.5%,54%,https://www.estimize.com/users/analyst_1415217
JNJ,Jan-24,4,61,15.3,1.8%,67%,https://www.estimize.com/users/analyst_1415217
IDXX,Feb-1,4,3,0.8,2.1%,47%,https://www.estimize.com/users/analyst_1415217
MDT,Feb-21,4,5,1.3,2.2%,64%,https://www.estimize.com/users/analyst_1415217
SYK,Jan-25,4,19,4.8,2.3%,60%,https://www.estimize.com/users/analyst_1415217
A,Feb-14,4,66,16.5,3.8%,46%,https://www.estimize.com/users/analyst_1415217
UNP,Jan-19,4,78,19.5,1.6%,50%,https://www.estimize.com/users/analyst_1415217
CP,Feb-1,4,29,7.3,7.7%,65%,https://www.estimize.com/users/analyst_1415217
META,Feb-1,4,75,18.8,5.0%,66%,https://www.estimize.com/users/analyst_1415217
