TICKER,REPORTS,QUARTERS,POINTS,PTS_EST,ERROR RATE,ACCURACY,url
META,Feb-1,18,239,13.3,6.9%,59%,https://www.estimize.com/users/analyst-4406998
AAPL,Jan-26,18,328,18.2,5.5%,65%,https://www.estimize.com/users/analyst-4406998
GOOGL,Jan-31,18,286,15.9,9.6%,61%,https://www.estimize.com/users/analyst-4406998
BKNG,Feb-22,18,222,12.3,14.0%,61%,https://www.estimize.com/users/analyst-4406998
V,Feb-2,17,390,22.9,2.1%,67%,https://www.estimize.com/users/analyst-4406998
MA,Feb-2,17,403,23.7,2.6%,70%,https://www.estimize.com/users/analyst-4406998
NKE,Dec-20,16,289,18.1,10.7%,63%,https://www.estimize.com/users/analyst-4406998
MCD,Jan-26,16,220,13.8,3.8%,57%,https://www.estimize.com/users/analyst-4406998
BLK,Jan-13,16,141,8.8,5.8%,55%,https://www.estimize.com/users/analyst-4406998
SWKS,Feb-2,16,240,15,5.0%,58%,https://www.estimize.com/users/analyst-4406998
