TICKER,REPORTS,QUARTERS,POINTS,PTS_EST,ERROR RATE,ACCURACY,url
TSLA,Jan-25,1,5,5,17.5%,44%,https://www.estimize.com/users/analyst_833303
AMZN,Feb-2,1,9,9,50.0%,75%,https://www.estimize.com/users/analyst_833303
AAPL,Jan-26,1,-7,-7,5.1%,49%,https://www.estimize.com/users/analyst_833303
SHOP,Feb-15,1,14,14,51.3%,71%,https://www.estimize.com/users/analyst_833303
ROKU,Feb-16,1,22,22,1.2%,72%,https://www.estimize.com/users/analyst_833303
ZM,Feb-27,1,33,33,7.3%,55%,https://www.estimize.com/users/analyst_833303
NIO,Mar-23,1,16,16,44.5%,51%,https://www.estimize.com/users/analyst_833303
XPEV,Nov-30,1,25,25,67.5%,31%,https://www.estimize.com/users/analyst_833303
SOFI,Feb-28,1,33,33,4.9%,53%,https://www.estimize.com/users/analyst_833303
