TICKER,REPORTS,QUARTERS,POINTS,PTS_EST,ERROR RATE,ACCURACY,url
DOCN,Feb-23,3,36,12,19.0%,54%,https://www.estimize.com/users/analyst_7010268
NFLX,Jan-17,1,19,19,5.3%,73%,https://www.estimize.com/users/analyst_7010268
BABA,Feb-1,1,7,7,7.4%,52%,https://www.estimize.com/users/analyst_7010268
DVN,Feb-14,1,13,13,18.3%,24%,https://www.estimize.com/users/analyst_7010268
HAL,Jan-23,1,18,18,6.7%,47%,https://www.estimize.com/users/analyst_7010268
BHC,Feb-22,1,21,21,23.0%,66%,https://www.estimize.com/users/analyst_7010268
AMZN,Feb-2,1,31,31,43.4%,52%,https://www.estimize.com/users/analyst_7010268
META,Feb-1,1,18,18,5.5%,49%,https://www.estimize.com/users/analyst_7010268
INTC,Jan-26,1,14,14,2.2%,70%,https://www.estimize.com/users/analyst_7010268
MSFT,Jan-24,1,-4,-4,1.8%,65%,https://www.estimize.com/users/analyst_7010268
