TICKER,REPORTS,QUARTERS,POINTS,PTS_EST,ERROR RATE,ACCURACY,url
SBUX,Jan-26,1,-4,-4,3.0%,61%,https://www.estimize.com/users/analyst_293050
AMZN,Feb-2,1,-4,-4,50.6%,69%,https://www.estimize.com/users/analyst_293050
BABA,Feb-1,1,39,39,4.5%,73%,https://www.estimize.com/users/analyst_293050
CVX,Jan-27,1,10,10,4.4%,68%,https://www.estimize.com/users/analyst_293050
XOM,Jan-31,1,13,13,7.6%,49%,https://www.estimize.com/users/analyst_293050
AMD,Jan-31,1,18,18,15.9%,51%,https://www.estimize.com/users/analyst_293050
QRVO,Feb-1,1,20,20,2.6%,49%,https://www.estimize.com/users/analyst_293050
SQ,Feb-22,1,13,13,21.5%,66%,https://www.estimize.com/users/analyst_293050
