TICKER,REPORTS,QUARTERS,POINTS,PTS_EST,ERROR RATE,ACCURACY,url
BMRN,Feb-22,31,380,12.3,39.3%,55%,https://www.estimize.com/users/analyst-9226595
AKAM,Feb-7,31,547,17.6,2.8%,57%,https://www.estimize.com/users/analyst-9226595
META,Feb-1,31,493,15.9,6.5%,59%,https://www.estimize.com/users/analyst-9226595
MELI,Feb-23,29,352,12.1,29.9%,59%,https://www.estimize.com/users/analyst-9226595
ORCL,Dec-15,28,315,11.3,3.1%,55%,https://www.estimize.com/users/analyst-9226595
AAPL,Jan-26,28,613,21.9,4.4%,67%,https://www.estimize.com/users/analyst-9226595
GILD,Feb-7,24,326,13.6,7.8%,56%,https://www.estimize.com/users/analyst-9226595
DDD,Feb-27,22,164,7.5,32.7%,51%,https://www.estimize.com/users/analyst-9226595
EBAY,Feb-22,21,323,15.4,2.8%,55%,https://www.estimize.com/users/analyst-9226595
NMM,Feb-15,17,133,7.8,31.5%,46%,https://www.estimize.com/users/analyst-9226595
