TICKER,REPORTS,QUARTERS,POINTS,PTS_EST,ERROR RATE,ACCURACY,url
YY,Nov-28,7,10,1.4,18.7%,47%,https://www.estimize.com/users/analyst_405750
NVDA,Feb-16,5,46,9.2,9.9%,62%,https://www.estimize.com/users/analyst_405750
AAPL,Jan-26,5,46,9.2,4.9%,44%,https://www.estimize.com/users/analyst_405750
SYF,Jan-27,5,13,2.6,13.6%,37%,https://www.estimize.com/users/analyst_405750
WB,Mar-2,5,-28,-5.6,21.5%,32%,https://www.estimize.com/users/analyst_405750
PAR,Mar-16,4,16,4,18.8%,47%,https://www.estimize.com/users/analyst_405750
META,Feb-1,4,26,6.5,3.0%,51%,https://www.estimize.com/users/analyst_405750
WMT,Feb-21,4,31,7.8,2.2%,61%,https://www.estimize.com/users/analyst_405750
HUYA,Mar-21,4,-74,-18.5,20.2%,13%,https://www.estimize.com/users/analyst_405750
WFC,Jan-13,1,10,10,9.7%,69%,https://www.estimize.com/users/analyst_405750
