TICKER,REPORTS,QUARTERS,POINTS,PTS_EST,ERROR RATE,ACCURACY,url
HIMX,Feb-16,5,-28,-5.6,20.2%,50%,https://www.estimize.com/users/analyst_1744358
SQ,Feb-22,3,5,1.7,14.1%,57%,https://www.estimize.com/users/analyst_1744358
DVN,Feb-14,3,49,16.3,10.9%,56%,https://www.estimize.com/users/analyst_1744358
QCOM,Feb-1,3,33,11,3.6%,45%,https://www.estimize.com/users/analyst_1744358
MSFT,Jan-24,2,32,16,1.8%,76%,https://www.estimize.com/users/analyst_1744358
TSM,Jan-12,2,44,22,3.8%,56%,https://www.estimize.com/users/analyst_1744358
UAA,Feb-14,2,41,20.5,42.2%,80%,https://www.estimize.com/users/analyst_1744358
AKAM,Feb-7,2,17,8.5,2.5%,53%,https://www.estimize.com/users/analyst_1744358
AMD,Jan-31,2,-2,-1,12.1%,44%,https://www.estimize.com/users/analyst_1744358
GOOGL,Jan-31,2,4,2,6.4%,49%,https://www.estimize.com/users/analyst_1744358
