TICKER,REPORTS,QUARTERS,POINTS,PTS_EST,ERROR RATE,ACCURACY,url
GOOGL,Jan-31,2,-14,-7,9.3%,51%,https://www.estimize.com/users/analyst_4727009
SHOP,Feb-15,2,-11,-5.5,52.3%,58%,https://www.estimize.com/users/analyst_4727009
PINS,Feb-2,2,54,27,5.9%,75%,https://www.estimize.com/users/analyst_4727009
AMZN,Feb-2,1,-6,-6,51.6%,61%,https://www.estimize.com/users/analyst_4727009
PYPL,Feb-1,1,20,20,4.1%,66%,https://www.estimize.com/users/analyst_4727009
INTC,Jan-26,1,-4,-4,20.2%,24%,https://www.estimize.com/users/analyst_4727009
PFE,Jan-31,1,14,14,4.2%,81%,https://www.estimize.com/users/analyst_4727009
AMD,Jan-31,1,7,7,15.6%,55%,https://www.estimize.com/users/analyst_4727009
