TICKER,REPORTS,QUARTERS,POINTS,PTS_EST,ERROR RATE,ACCURACY,url
AMZN,Feb-2,1,11,11,10.5%,59%,https://www.estimize.com/users/analyst_1186719
MRK,Feb-2,1,36,36,4.2%,86%,https://www.estimize.com/users/analyst_1186719
AMD,Jan-31,1,20,20,9.3%,52%,https://www.estimize.com/users/analyst_1186719
NOW,Jan-25,1,-1,-1,9.1%,14%,https://www.estimize.com/users/analyst_1186719
PYPL,Feb-1,1,-5,-5,3.2%,58%,https://www.estimize.com/users/analyst_1186719
PINS,Feb-2,1,5,5,28.1%,41%,https://www.estimize.com/users/analyst_1186719
