TICKER,REPORTS,QUARTERS,POINTS,PTS_EST,ERROR RATE,ACCURACY,url
AAPL,Jan-26,2,37,18.5,5.4%,48%,https://www.estimize.com/users/inmeullsee
META,Feb-1,2,1,0.5,4.6%,47%,https://www.estimize.com/users/inmeullsee
NFLX,Jan-17,1,22,22,2.3%,75%,https://www.estimize.com/users/inmeullsee
INTC,Jan-26,1,17,17,11.3%,33%,https://www.estimize.com/users/inmeullsee
SNAP,Feb-7,1,-15,-15,50.1%,21%,https://www.estimize.com/users/inmeullsee
LYFT,Feb-7,1,18,18,45.8%,43%,https://www.estimize.com/users/inmeullsee
