TICKER,REPORTS,QUARTERS,POINTS,PTS_EST,ERROR RATE,ACCURACY,url
LULU,Dec-8,1,-3,-3,1.7%,68%,https://www.estimize.com/users/analyst_9257031
HD,Feb-21,1,6,6,3.3%,48%,https://www.estimize.com/users/analyst_9257031
GILD,Feb-7,1,6,6,16.2%,53%,https://www.estimize.com/users/analyst_9257031
AAPL,Jan-26,1,5,5,6.7%,43%,https://www.estimize.com/users/analyst_9257031
AMD,Jan-31,1,-19,-19,10.1%,27%,https://www.estimize.com/users/analyst_9257031
MU,Dec-21,1,12,12,12.2%,61%,https://www.estimize.com/users/analyst_9257031
NEE,Jan-27,1,5,5,7.0%,38%,https://www.estimize.com/users/analyst_9257031
ZS,Dec-1,1,2,2,28.9%,26%,https://www.estimize.com/users/analyst_9257031
