TICKER,REPORTS,QUARTERS,POINTS,PTS_EST,ERROR RATE,ACCURACY,url
AAPL,Jan-26,3,32,10.7,12.0%,32%,https://www.estimize.com/users/analyst_6404216
TSLA,Jan-25,2,0,0,30.6%,53%,https://www.estimize.com/users/analyst_6404216
NVDA,Feb-16,1,-23,-23,17.7%,5%,https://www.estimize.com/users/analyst_6404216
SPWR,Feb-15,1,9,9,51.7%,50%,https://www.estimize.com/users/analyst_6404216
SWIR,Feb-21,1,-9,-9,56.0%,13%,https://www.estimize.com/users/analyst_6404216
META,Feb-1,1,10,10,3.8%,62%,https://www.estimize.com/users/analyst_6404216
AMZN,Feb-2,1,-30,-30,18.2%,6%,https://www.estimize.com/users/analyst_6404216
