TICKER,REPORTS,QUARTERS,POINTS,PTS_EST,ERROR RATE,ACCURACY,url
AMZN,Feb-2,2,40,20,18.2%,83%,https://www.estimize.com/users/analyst_7588964
COST,Dec-8,1,7,7,2.5%,59%,https://www.estimize.com/users/analyst_7588964
NFLX,Jan-17,1,32,32,29.6%,53%,https://www.estimize.com/users/analyst_7588964
AAPL,Jan-26,1,22,22,5.0%,69%,https://www.estimize.com/users/analyst_7588964
SHOP,Feb-15,1,23,23,16.6%,70%,https://www.estimize.com/users/analyst_7588964
COIN,Feb-23,0,-3,-6,2.7%,54%,https://www.estimize.com/users/analyst_7588964
