TICKER,REPORTS,QUARTERS,POINTS,PTS_EST,ERROR RATE,ACCURACY,url
NVDA,Feb-16,20,22,1.1,15.6%,51%,https://www.estimize.com/users/bsirirat
AMD,Jan-31,20,144,7.2,18.9%,58%,https://www.estimize.com/users/bsirirat
AVGO,Dec-8,19,93,4.9,2.2%,52%,https://www.estimize.com/users/bsirirat
QCOM,Feb-1,18,30,1.7,7.0%,44%,https://www.estimize.com/users/bsirirat
COST,Dec-8,18,109,6.1,3.4%,53%,https://www.estimize.com/users/bsirirat
INTC,Jan-26,18,49,2.7,10.2%,44%,https://www.estimize.com/users/bsirirat
VEEV,Dec-1,18,-95,-5.3,9.1%,27%,https://www.estimize.com/users/bsirirat
MSFT,Jan-24,18,33,1.8,6.3%,37%,https://www.estimize.com/users/bsirirat
JWN,Mar-2,17,95,5.6,11.7%,55%,https://www.estimize.com/users/bsirirat
MU,Dec-21,17,46,2.7,12.3%,54%,https://www.estimize.com/users/bsirirat
