TICKER,REPORTS,QUARTERS,POINTS,PTS_EST,ERROR RATE,ACCURACY,url
SWKS,Feb-2,11,277,25.2,1.2%,68%,https://www.estimize.com/users/analyst_4701590
QRVO,Feb-1,4,31,7.8,5.1%,32%,https://www.estimize.com/users/analyst_4701590
AMAT,Feb-15,4,105,26.3,1.3%,68%,https://www.estimize.com/users/analyst_4701590
AVGO,Dec-8,4,44,11,3.6%,36%,https://www.estimize.com/users/analyst_4701590
CRUS,Jan-30,3,72,24,22.2%,58%,https://www.estimize.com/users/analyst_4701590
NTGR,Feb-7,2,40,20,6.7%,57%,https://www.estimize.com/users/analyst_4701590
CRM,Nov-30,2,58,29,1.5%,70%,https://www.estimize.com/users/analyst_4701590
AMZN,Feb-2,2,14,7,32.2%,51%,https://www.estimize.com/users/analyst_4701590
SQ,Feb-22,2,60,30,5.4%,66%,https://www.estimize.com/users/analyst_4701590
NVDA,Feb-16,2,20,10,8.3%,65%,https://www.estimize.com/users/analyst_4701590
