TICKER,REPORTS,QUARTERS,POINTS,PTS_EST,ERROR RATE,ACCURACY,url
TSLA,Jan-25,1,16,16,18.1%,60%,https://www.estimize.com/users/analyst_7889543
AMZN,Feb-2,1,-8,-8,10.9%,53%,https://www.estimize.com/users/analyst_7889543
CVX,Jan-27,1,36,36,4.3%,75%,https://www.estimize.com/users/analyst_7889543
XOM,Jan-31,1,12,12,6.9%,59%,https://www.estimize.com/users/analyst_7889543
AAPL,Jan-26,1,7,7,14.7%,50%,https://www.estimize.com/users/analyst_7889543
META,Feb-1,1,9,9,9.1%,48%,https://www.estimize.com/users/analyst_7889543
GOOGL,Jan-31,1,4,4,18.7%,37%,https://www.estimize.com/users/analyst_7889543
