TICKER,REPORTS,QUARTERS,POINTS,PTS_EST,ERROR RATE,ACCURACY,url
AMZN,Feb-2,1,7,7,43.7%,44%,https://www.estimize.com/users/analyst_9817305
BABA,Feb-1,1,14,14,3.4%,59%,https://www.estimize.com/users/analyst_9817305
SU,Feb-1,1,22,22,8.5%,73%,https://www.estimize.com/users/analyst_9817305
AAPL,Jan-26,1,28,28,3.6%,74%,https://www.estimize.com/users/analyst_9817305
META,Feb-1,1,-19,-19,7.0%,21%,https://www.estimize.com/users/analyst_9817305
GOOGL,Jan-31,1,20,20,5.9%,53%,https://www.estimize.com/users/analyst_9817305
