TICKER,REPORTS,QUARTERS,POINTS,PTS_EST,ERROR RATE,ACCURACY,url
BKNG,Feb-22,2,-37,-18.5,8.9%,7%,https://www.estimize.com/users/analyst_893738
IBM,Jan-25,2,55,27.5,1.1%,73%,https://www.estimize.com/users/analyst_893738
WYNN,Jan-25,2,28,14,15.4%,62%,https://www.estimize.com/users/analyst_893738
BRK-B,Feb-27,2,-5,-2.5,12.7%,32%,https://www.estimize.com/users/analyst_893738
DIS,Feb-7,2,26,13,27.4%,69%,https://www.estimize.com/users/analyst_893738
AMGN,Feb-2,1,4,4,3.0%,37%,https://www.estimize.com/users/analyst_893738
MA,Feb-2,1,37,37,1.1%,91%,https://www.estimize.com/users/analyst_893738
V,Feb-2,1,25,25,3.8%,74%,https://www.estimize.com/users/analyst_893738
ADBE,Dec-15,1,-19,-19,2.9%,19%,https://www.estimize.com/users/analyst_893738
AMZN,Feb-2,1,-11,-11,14.0%,36%,https://www.estimize.com/users/analyst_893738
