TICKER,REPORTS,QUARTERS,POINTS,PTS_EST,ERROR RATE,ACCURACY,url
BKR,Jan-23,4,23,5.8,22.1%,57%,https://www.estimize.com/users/analyst_4723002
HAL,Jan-23,4,62,15.5,4.1%,63%,https://www.estimize.com/users/analyst_4723002
KMI,Jan-18,4,82,20.5,10.3%,71%,https://www.estimize.com/users/analyst_4723002
AAL,Jan-19,4,0,0,11.2%,45%,https://www.estimize.com/users/analyst_4723002
BAC,Jan-13,4,88,22,2.2%,80%,https://www.estimize.com/users/analyst_4723002
SLB,Jan-20,4,100,25,4.0%,80%,https://www.estimize.com/users/analyst_4723002
UAL,Jan-17,4,66,16.5,15.1%,64%,https://www.estimize.com/users/analyst_4723002
LVS,Jan-25,4,62,15.5,16.9%,67%,https://www.estimize.com/users/analyst_4723002
DAL,Jan-12,3,42,14,8.7%,56%,https://www.estimize.com/users/analyst_4723002
C,Jan-13,3,26,8.7,13.0%,45%,https://www.estimize.com/users/analyst_4723002
