TICKER,REPORTS,QUARTERS,POINTS,PTS_EST,ERROR RATE,ACCURACY,url
AAPL,Jan-26,5,18,3.6,5.7%,49%,https://www.estimize.com/users/analyst_9043503
AMAT,Feb-15,4,-17,-4.3,6.4%,24%,https://www.estimize.com/users/analyst_9043503
LULU,Dec-8,4,48,12,5.2%,55%,https://www.estimize.com/users/analyst_9043503
PANW,Feb-28,4,69,15.3,2.5%,58%,https://www.estimize.com/users/analyst_9043503
NVDA,Feb-16,4,113,28.3,15.0%,73%,https://www.estimize.com/users/analyst_9043503
HD,Feb-21,4,113,28.3,3.0%,71%,https://www.estimize.com/users/analyst_9043503
DKS,Mar-7,4,90,22.5,6.0%,66%,https://www.estimize.com/users/analyst_9043503
WMT,Feb-21,4,22,5.5,5.2%,58%,https://www.estimize.com/users/analyst_9043503
MSFT,Jan-24,3,41,13.7,3.1%,45%,https://www.estimize.com/users/analyst_9043503
PFE,Jan-31,3,61,20.3,5.6%,73%,https://www.estimize.com/users/analyst_9043503
