TICKER,REPORTS,QUARTERS,POINTS,PTS_EST,ERROR RATE,ACCURACY,url
EXAS,Feb-21,15,244,16.3,16.8%,58%,https://www.estimize.com/users/analyst_8323382
AAPL,Jan-26,15,280,18.7,6.0%,59%,https://www.estimize.com/users/analyst_8323382
AMD,Jan-31,11,104,9.5,7.5%,60%,https://www.estimize.com/users/analyst_8323382
JJSF,Jan-30,10,134,13.4,21.6%,56%,https://www.estimize.com/users/analyst_8323382
BAC,Jan-13,10,81,8.1,8.4%,45%,https://www.estimize.com/users/analyst_8323382
GERN,Mar-9,9,49,5.4,42.3%,45%,https://www.estimize.com/users/analyst_8323382
DIS,Feb-7,8,119,14.9,24.0%,60%,https://www.estimize.com/users/analyst_8323382
AMRN,Feb-28,6,35,5.8,38.2%,61%,https://www.estimize.com/users/analyst_8323382
VZ,Jan-24,4,32,8,1.8%,48%,https://www.estimize.com/users/analyst_8323382
MSGS,Feb-3,4,-5,-1.3,48.4%,40%,https://www.estimize.com/users/analyst_8323382
