TICKER,REPORTS,QUARTERS,POINTS,PTS_EST,ERROR RATE,ACCURACY,url
ICE,Feb-9,1,24,24,0.3%,85%,https://www.estimize.com/users/analyst_7998151
AAPL,Jan-26,1,26,26,4.7%,81%,https://www.estimize.com/users/analyst_7998151
META,Feb-1,1,11,11,2.2%,53%,https://www.estimize.com/users/analyst_7998151
MSFT,Jan-24,1,20,20,5.8%,61%,https://www.estimize.com/users/analyst_7998151
PYPL,Feb-1,1,33,33,0.7%,70%,https://www.estimize.com/users/analyst_7998151
ROKU,Feb-16,1,8,8,28.3%,59%,https://www.estimize.com/users/analyst_7998151
LYFT,Feb-7,1,3,3,40.4%,20%,https://www.estimize.com/users/analyst_7998151
UBER,Feb-8,1,8,8,4.0%,42%,https://www.estimize.com/users/analyst_7998151
