0,URL
"ENPH Q2 2022 Jul 26, 2022 5 / 29 13 13 26",https://www.estimize.com/users/analyst_76071
"AAPL Q4 2021 Oct 28, 2021 84 / 324 -1 -1 -2",https://www.estimize.com/users/analyst_76071
"MU Q4 2021 Sep 28, 2021 37 / 88 16 -1 15",https://www.estimize.com/users/analyst_76071
"MTN Q4 2021 Sep 23, 2021 2 / 11 24 9 33",https://www.estimize.com/users/analyst_76071
"NKE Q1 2022 Sep 23, 2021 12 / 70 22 -3 19",https://www.estimize.com/users/analyst_76071
"COST Q4 2021 Sep 23, 2021 2 / 56 15 21 36",https://www.estimize.com/users/analyst_76071
"ZM Q4 2021 Mar 1, 2021 74 / 111 12 -2 10",https://www.estimize.com/users/analyst_76071
"FVRR Q4 2020 Feb 18, 2021 11 / 33 -3 20 17",https://www.estimize.com/users/analyst_76071
"DG Q3 2020 Dec 3, 2020 21 / 22 -20 -21 -41",https://www.estimize.com/users/analyst_76071
"CRM Q3 2021 Dec 1, 2020 51 / 102 10 9 19",https://www.estimize.com/users/analyst_76071
"A Q4 2020 Nov 23, 2020 7 / 21 13 9 22",https://www.estimize.com/users/analyst_76071
"UNH Q3 2020 Oct 14, 2020 17 / 34 9 10 19",https://www.estimize.com/users/analyst_76071
"ROST Q4 2019 Mar 3, 2020 4 / 16 -1 16 15",https://www.estimize.com/users/analyst_76071
"SRE Q4 2019 Feb 27, 2020 2 / 5 -4 19 15",https://www.estimize.com/users/analyst_76071
"CRM Q4 2020 Feb 25, 2020 8 / 116 20 15 35",https://www.estimize.com/users/analyst_76071
"HD Q4 2019 Feb 25, 2020 21 / 65 13 -1 12",https://www.estimize.com/users/analyst_76071
"ITRI Q4 2019 Feb 24, 2020 10 / 22 12 14 26",https://www.estimize.com/users/analyst_76071
"AWR Q4 2019 Feb 24, 2020 6 / 7 19 -6 13",https://www.estimize.com/users/analyst_76071
"WIX Q4 2019 Feb 20, 2020 5 / 21 23 -2 21",https://www.estimize.com/users/analyst_76071
"AWK Q4 2019 Feb 18, 2020 4 / 11 -6 15 9",https://www.estimize.com/users/analyst_76071
"CSCO Q2 2020 Feb 12, 2020 46 / 128 0 -1 -1",https://www.estimize.com/users/analyst_76071
"RNG Q4 2019 Feb 10, 2020 4 / 33 -2 23 21",https://www.estimize.com/users/analyst_76071
"TDG Q1 2020 Feb 4, 2020 1 / 11 14 25 39",https://www.estimize.com/users/analyst_76071
"EW Q4 2019 Jan 30, 2020 5 / 23 -3 20 17",https://www.estimize.com/users/analyst_76071
"MSFT Q2 2020 Jan 29, 2020 75 / 299 13 10 23",https://www.estimize.com/users/analyst_76071
"MA Q4 2019 Jan 29, 2020 3 / 92 20 19 39",https://www.estimize.com/users/analyst_76071
"ISRG Q4 2019 Jan 23, 2020 14 / 50 10 16 26",https://www.estimize.com/users/analyst_76071
"NFLX Q4 2019 Jan 21, 2020 186 / 296 8 -2 6",https://www.estimize.com/users/analyst_76071
"UNH Q4 2019 Jan 15, 2020 9 / 59 22 -5 17",https://www.estimize.com/users/analyst_76071
"NEE Q1 2019 Apr 23, 2019 3 / 13 -4 17 13",https://www.estimize.com/users/analyst_76071
"RTN Q4 2018 Jan 31, 2019 36 / 38 -4 -6 -10",https://www.estimize.com/users/analyst_76071
"NEE Q4 2018 Jan 25, 2019 12 / 13 -4 -18 -22",https://www.estimize.com/users/analyst_76071
"ALK Q4 2018 Jan 24, 2019 44 / 53 -2 -2 -4",https://www.estimize.com/users/analyst_76071
"TXN Q4 2018 Jan 23, 2019 95 / 128 -4 -2 -6",https://www.estimize.com/users/analyst_76071
"SWK Q4 2018 Jan 22, 2019 4 / 25 -1 21 20",https://www.estimize.com/users/analyst_76071
"JNJ Q4 2018 Jan 22, 2019 61 / 92 -6 24 18",https://www.estimize.com/users/analyst_76071
"NFLX Q4 2018 Jan 17, 2019 391 / 491 -13 -1 -14",https://www.estimize.com/users/analyst_76071
"UNH Q4 2018 Jan 15, 2019 18 / 65 19 11 30",https://www.estimize.com/users/analyst_76071
"INTU Q1 2019 Nov 19, 2018 5 / 29 10 14 24",https://www.estimize.com/users/analyst_76071
"A Q4 2018 Nov 19, 2018 23 / 46 10 8 18",https://www.estimize.com/users/analyst_76071
"LLY Q3 2018 Nov 6, 2018 21 / 25 -2 -12 -14",https://www.estimize.com/users/analyst_76071
"REGN Q3 2018 Nov 6, 2018 7 / 28 11 -1 10",https://www.estimize.com/users/analyst_76071
"BKNG Q3 2018 Nov 5, 2018 9 / 101 -2 25 23",https://www.estimize.com/users/analyst_76071
"AAPL Q4 2018 Nov 1, 2018 64 / 709 18 20 38",https://www.estimize.com/users/analyst_76071
"OKE Q3 2018 Oct 30, 2018 3 / 6 21 -9 12",https://www.estimize.com/users/analyst_76071
"VRSK Q3 2018 Oct 30, 2018 7 / 10 -4 -5 -9",https://www.estimize.com/users/analyst_76071
"ZEN Q3 2018 Oct 30, 2018 11 / 31 11 15 26",https://www.estimize.com/users/analyst_76071
"MA Q3 2018 Oct 30, 2018 46 / 115 18 10 28",https://www.estimize.com/users/analyst_76071
"HCA Q3 2018 Oct 30, 2018 1 / 21 19 19 38",https://www.estimize.com/users/analyst_76071
"IDTI Q2 2019 Oct 29, 2018 8 / 20 10 18 28",https://www.estimize.com/users/analyst_76071
"ALK Q3 2018 Oct 25, 2018 19 / 47 -3 21 18",https://www.estimize.com/users/analyst_76071
"ENTG Q3 2018 Oct 25, 2018 8 / 12 -5 -3 -8",https://www.estimize.com/users/analyst_76071
"RTN Q3 2018 Oct 25, 2018 1 / 31 21 24 45",https://www.estimize.com/users/analyst_76071
"AMD Q3 2018 Oct 24, 2018 330 / 447 -5 -3 -8",https://www.estimize.com/users/analyst_76071
"NOW Q3 2018 Oct 24, 2018 25 / 51 13 9 22",https://www.estimize.com/users/analyst_76071
"V Q4 2018 Oct 24, 2018 120 / 204 -4 -3 -7",https://www.estimize.com/users/analyst_76071
"ORLY Q3 2018 Oct 24, 2018 11 / 27 13 -3 10",https://www.estimize.com/users/analyst_76071
"ALGN Q3 2018 Oct 24, 2018 61 / 68 -8 -5 -13",https://www.estimize.com/users/analyst_76071
"NOC Q3 2018 Oct 24, 2018 20 / 24 -3 -6 -9",https://www.estimize.com/users/analyst_76071
"EW Q3 2018 Oct 23, 2018 2 / 27 10 18 28",https://www.estimize.com/users/analyst_76071
"TXN Q3 2018 Oct 23, 2018 1 / 90 16 17 33",https://www.estimize.com/users/analyst_76071
"MCD Q3 2018 Oct 23, 2018 56 / 103 8 11 19",https://www.estimize.com/users/analyst_76071
"CNC Q3 2018 Oct 23, 2018 18 / 23 -3 -10 -13",https://www.estimize.com/users/analyst_76071
"NEE Q3 2018 Oct 23, 2018 1 / 11 20 10 30",https://www.estimize.com/users/analyst_76071
"NFLX Q3 2018 Oct 16, 2018 397 / 448 11 -18 -7",https://www.estimize.com/users/analyst_76071
"UNH Q3 2018 Oct 16, 2018 8 / 44 20 16 36",https://www.estimize.com/users/analyst_76071
"JNJ Q3 2018 Oct 16, 2018 88 / 89 -13 -8 -21",https://www.estimize.com/users/analyst_76071
"COST Q4 2018 Oct 4, 2018 62 / 133 16 -2 14",https://www.estimize.com/users/analyst_76071
"ACN Q4 2018 Sep 27, 2018 30 / 36 -13 18 5",https://www.estimize.com/users/analyst_76071
"NKE Q1 2019 Sep 25, 2018 41 / 179 18 13 31",https://www.estimize.com/users/analyst_76071
"MU Q4 2018 Sep 20, 2018 198 / 589 12 15 27",https://www.estimize.com/users/analyst_76071
"ADBE Q3 2018 Sep 13, 2018 188 / 276 -3 19 16",https://www.estimize.com/users/analyst_76071
"AVGO Q3 2018 Sep 6, 2018 32 / 113 14 -1 13",https://www.estimize.com/users/analyst_76071
"VRNT Q2 2019 Sep 5, 2018 4 / 16 10 14 24",https://www.estimize.com/users/analyst_76071
"CRM Q2 2019 Aug 29, 2018 49 / 227 8 23 31",https://www.estimize.com/users/analyst_76071
"ROST Q2 2018 Aug 23, 2018 6 / 45 19 14 33",https://www.estimize.com/users/analyst_76071
"BABA Q1 2019 Aug 23, 2018 304 / 409 -3 -7 -10",https://www.estimize.com/users/analyst_76071
"NVDA Q2 2019 Aug 16, 2018 451 / 542 -5 -8 -13",https://www.estimize.com/users/analyst_76071
"NTAP Q1 2019 Aug 15, 2018 16 / 46 13 10 23",https://www.estimize.com/users/analyst_76071
"BKNG Q2 2018 Aug 9, 2018 50 / 135 10 11 21",https://www.estimize.com/users/analyst_76071
"KDP Q2 2018 Aug 8, 2018 13 / 42 8 9 17",https://www.estimize.com/users/analyst_76071
"AWK Q2 2018 Aug 1, 2018 4 / 16 16 9 25",https://www.estimize.com/users/analyst_76071
"AAPL Q3 2018 Jul 31, 2018 64 / 694 12 22 34",https://www.estimize.com/users/analyst_76071
"IDTI Q1 2019 Jul 30, 2018 4 / 21 25 14 39",https://www.estimize.com/users/analyst_76071
"XOM Q2 2018 Jul 27, 2018 32 / 90 11 7 18",https://www.estimize.com/users/analyst_76071
"AMZN Q2 2018 Jul 26, 2018 194 / 529 10 -2 8",https://www.estimize.com/users/analyst_76071
"ALK Q2 2018 Jul 26, 2018 39 / 47 -10 -5 -15",https://www.estimize.com/users/analyst_76071
"ENTG Q2 2018 Jul 26, 2018 5 / 14 18 23 41",https://www.estimize.com/users/analyst_76071
"MA Q2 2018 Jul 26, 2018 89 / 114 23 -25 -2",https://www.estimize.com/users/analyst_76071
"MCD Q2 2018 Jul 26, 2018 77 / 86 6 -7 -1",https://www.estimize.com/users/analyst_76071
"RTN Q2 2018 Jul 26, 2018 12 / 35 12 17 29",https://www.estimize.com/users/analyst_76071
"V Q3 2018 Jul 25, 2018 11 / 207 22 14 36",https://www.estimize.com/users/analyst_76071
"AMD Q2 2018 Jul 25, 2018 166 / 382 25 -2 23",https://www.estimize.com/users/analyst_76071
"META Q2 2018 Jul 25, 2018 317 / 548 -2 -5 -7",https://www.estimize.com/users/analyst_76071
"MPWR Q2 2018 Jul 25, 2018 14 / 15 -9 -7 -16",https://www.estimize.com/users/analyst_76071
"NOC Q2 2018 Jul 25, 2018 8 / 28 14 21 35",https://www.estimize.com/users/analyst_76071
"NEE Q2 2018 Jul 25, 2018 8 / 11 -2 -4 -6",https://www.estimize.com/users/analyst_76071
"HCA Q2 2018 Jul 25, 2018 1 / 18 15 22 37",https://www.estimize.com/users/analyst_76071
"TXN Q2 2018 Jul 24, 2018 35 / 100 15 16 31",https://www.estimize.com/users/analyst_76071
"GOOGL Q2 2018 Jul 23, 2018 251 / 398 10 -3 7",https://www.estimize.com/users/analyst_76071
"SWK Q2 2018 Jul 20, 2018 1 / 26 11 18 29",https://www.estimize.com/users/analyst_76071
"ISRG Q2 2018 Jul 19, 2018 13 / 81 12 17 29",https://www.estimize.com/users/analyst_76071
"DPZ Q2 2018 Jul 19, 2018 14 / 67 22 -2 20",https://www.estimize.com/users/analyst_76071
"UNH Q2 2018 Jul 17, 2018 12 / 49 20 -6 14",https://www.estimize.com/users/analyst_76071
"JNJ Q2 2018 Jul 17, 2018 2 / 98 25 16 41",https://www.estimize.com/users/analyst_76071
"NFLX Q2 2018 Jul 16, 2018 124 / 440 18 -2 16",https://www.estimize.com/users/analyst_76071
"STZ Q1 2019 Jun 29, 2018 14 / 58 -4 22 18",https://www.estimize.com/users/analyst_76071
"NKE Q4 2018 Jun 28, 2018 122 / 169 -7 13 6",https://www.estimize.com/users/analyst_76071
"AVGO Q2 2018 Jun 7, 2018 99 / 120 -2 -4 -6",https://www.estimize.com/users/analyst_76071
"CRM Q1 2019 May 29, 2018 80 / 198 12 10 22",https://www.estimize.com/users/analyst_76071
"ROST Q1 2018 May 24, 2018 12 / 42 14 13 27",https://www.estimize.com/users/analyst_76071
"NVDA Q1 2019 May 10, 2018 150 / 513 14 14 28",https://www.estimize.com/users/analyst_76071
"BABA Q4 2018 May 4, 2018 180 / 281 -8 11 3",https://www.estimize.com/users/analyst_76071
"HCA Q1 2018 May 1, 2018 4 / 20 -2 20 18",https://www.estimize.com/users/analyst_76071
"XOM Q1 2018 Apr 27, 2018 73 / 99 -2 -3 -5",https://www.estimize.com/users/analyst_76071
"DPZ Q1 2018 Apr 26, 2018 24 / 63 12 9 21",https://www.estimize.com/users/analyst_76071
"V Q2 2018 Apr 25, 2018 41 / 180 19 8 27",https://www.estimize.com/users/analyst_76071
"META Q1 2018 Apr 25, 2018 101 / 525 15 12 27",https://www.estimize.com/users/analyst_76071
"KDP Q1 2018 Apr 25, 2018 1 / 43 18 25 43",https://www.estimize.com/users/analyst_76071
"NOC Q1 2018 Apr 25, 2018 1 / 25 12 20 32",https://www.estimize.com/users/analyst_76071
"NEE Q1 2018 Apr 24, 2018 7 / 14 11 -10 1",https://www.estimize.com/users/analyst_76071
"ALK Q1 2018 Apr 23, 2018 36 / 54 -4 -2 -6",https://www.estimize.com/users/analyst_76071
"SWK Q1 2018 Apr 20, 2018 16 / 24 -6 14 8",https://www.estimize.com/users/analyst_76071
"ISRG Q1 2018 Apr 17, 2018 3 / 63 14 12 26",https://www.estimize.com/users/analyst_76071
"UNH Q1 2018 Apr 17, 2018 13 / 48 19 15 34",https://www.estimize.com/users/analyst_76071
"JNJ Q1 2018 Apr 17, 2018 8 / 95 21 12 33",https://www.estimize.com/users/analyst_76071
"NFLX Q1 2018 Apr 16, 2018 305 / 426 -2 -2 -4",https://www.estimize.com/users/analyst_76071
"MU Q2 2018 Mar 22, 2018 204 / 413 -1 21 20",https://www.estimize.com/users/analyst_76071
"MTN Q2 2018 Mar 8, 2018 16 / 33 9 11 20",https://www.estimize.com/users/analyst_76071
"COST Q2 2018 Mar 7, 2018 34 / 128 -11 24 13",https://www.estimize.com/users/analyst_76071
"ROST Q4 2017 Mar 6, 2018 1 / 48 25 21 46",https://www.estimize.com/users/analyst_76071
"BKNG Q4 2017 Feb 27, 2018 1 / 156 23 24 47",https://www.estimize.com/users/analyst_76071
"DPZ Q4 2017 Feb 20, 2018 6 / 74 15 -3 12",https://www.estimize.com/users/analyst_76071
"A Q1 2018 Feb 14, 2018 33 / 50 21 -5 16",https://www.estimize.com/users/analyst_76071
"KDP Q4 2017 Feb 14, 2018 32 / 45 14 -12 2",https://www.estimize.com/users/analyst_76071
"NVDA Q4 2018 Feb 8, 2018 76 / 491 13 16 29",https://www.estimize.com/users/analyst_76071
"GILD Q4 2017 Feb 6, 2018 141 / 147 -23 -13 -36",https://www.estimize.com/users/analyst_76071
"XOM Q4 2017 Feb 2, 2018 42 / 122 -4 10 6",https://www.estimize.com/users/analyst_76071
"AAPL Q1 2018 Feb 1, 2018 248 / 773 18 -3 15",https://www.estimize.com/users/analyst_76071
"V Q1 2018 Feb 1, 2018 161 / 183 12 -12 0",https://www.estimize.com/users/analyst_76071
"BABA Q3 2018 Feb 1, 2018 106 / 349 -9 14 5",https://www.estimize.com/users/analyst_76071
"META Q4 2017 Jan 31, 2018 136 / 598 12 16 28",https://www.estimize.com/users/analyst_76071
"AMD Q4 2017 Jan 30, 2018 264 / 505 -7 20 13",https://www.estimize.com/users/analyst_76071
"MCD Q4 2017 Jan 30, 2018 8 / 98 14 17 31",https://www.estimize.com/users/analyst_76071
"HCA Q4 2017 Jan 30, 2018 14 / 22 10 -4 6",https://www.estimize.com/users/analyst_76071
"NEE Q4 2017 Jan 26, 2018 12 / 16 -3 -4 -7",https://www.estimize.com/users/analyst_76071
"ISRG Q4 2017 Jan 25, 2018 37 / 66 21 -2 19",https://www.estimize.com/users/analyst_76071
"ALK Q4 2017 Jan 25, 2018 47 / 57 -1 -10 -11",https://www.estimize.com/users/analyst_76071
"NOC Q4 2017 Jan 25, 2018 2 / 29 15 21 36",https://www.estimize.com/users/analyst_76071
"RTN Q4 2017 Jan 25, 2018 3 / 42 -1 25 24",https://www.estimize.com/users/analyst_76071
"SWK Q4 2017 Jan 24, 2018 18 / 28 20 -3 17",https://www.estimize.com/users/analyst_76071
"JNJ Q4 2017 Jan 23, 2018 91 / 104 -16 -5 -21",https://www.estimize.com/users/analyst_76071
"NFLX Q4 2017 Jan 22, 2018 158 / 448 -2 24 22",https://www.estimize.com/users/analyst_76071
"UNH Q4 2017 Jan 16, 2018 2 / 60 21 22 43",https://www.estimize.com/users/analyst_76071
"STZ Q3 2018 Jan 5, 2018 66 / 67 -25 -5 -30",https://www.estimize.com/users/analyst_76071
"MU Q1 2018 Dec 19, 2017 35 / 371 17 14 31",https://www.estimize.com/users/analyst_76071
"COST Q1 2018 Dec 14, 2017 36 / 128 14 -2 12",https://www.estimize.com/users/analyst_76071
"SWBI Q2 2018 Dec 7, 2017 34 / 71 0 22 22",https://www.estimize.com/users/analyst_76071
"A Q4 2017 Nov 20, 2017 7 / 50 16 23 39",https://www.estimize.com/users/analyst_76071
"ROST Q3 2017 Nov 16, 2017 2 / 46 19 24 43",https://www.estimize.com/users/analyst_76071
"NVDA Q3 2018 Nov 9, 2017 9 / 573 14 22 36",https://www.estimize.com/users/analyst_76071
"BKNG Q3 2017 Nov 6, 2017 10 / 179 18 18 36",https://www.estimize.com/users/analyst_76071
"META Q3 2017 Nov 1, 2017 127 / 630 11 12 23",https://www.estimize.com/users/analyst_76071
"HCA Q3 2017 Oct 31, 2017 14 / 23 12 -3 9",https://www.estimize.com/users/analyst_76071
"XOM Q3 2017 Oct 27, 2017 27 / 90 13 14 27",https://www.estimize.com/users/analyst_76071
"KDP Q3 2017 Oct 25, 2017 41 / 42 -7 -7 -14",https://www.estimize.com/users/analyst_76071
"ALK Q3 2017 Oct 25, 2017 39 / 43 -9 -4 -13",https://www.estimize.com/users/analyst_76071
"NOC Q3 2017 Oct 25, 2017 24 / 28 -7 11 4",https://www.estimize.com/users/analyst_76071
"AMD Q3 2017 Oct 24, 2017 16 / 504 25 17 42",https://www.estimize.com/users/analyst_76071
"LMT Q3 2017 Oct 24, 2017 55 / 63 -7 -4 -11",https://www.estimize.com/users/analyst_76071
"SWK Q3 2017 Oct 24, 2017 8 / 20 21 -3 18",https://www.estimize.com/users/analyst_76071
"ISRG Q3 2017 Oct 19, 2017 1 / 55 16 11 27",https://www.estimize.com/users/analyst_76071
"JNJ Q3 2017 Oct 17, 2017 76 / 112 11 -5 6",https://www.estimize.com/users/analyst_76071
"UNH Q3 2017 Oct 17, 2017 11 / 50 19 -9 10",https://www.estimize.com/users/analyst_76071
"DPZ Q3 2017 Oct 12, 2017 46 / 82 9 10 19",https://www.estimize.com/users/analyst_76071
"COST Q4 2017 Oct 5, 2017 51 / 155 21 -4 17",https://www.estimize.com/users/analyst_76071
"SWBI Q1 2018 Sep 7, 2017 50 / 62 -5 -4 -9",https://www.estimize.com/users/analyst_76071
"ROST Q2 2017 Aug 17, 2017 11 / 62 15 14 29",https://www.estimize.com/users/analyst_76071
"A Q3 2017 Aug 15, 2017 20 / 47 13 8 21",https://www.estimize.com/users/analyst_76071
"NVDA Q2 2018 Aug 10, 2017 38 / 611 13 18 31",https://www.estimize.com/users/analyst_76071
"BKNG Q2 2017 Aug 8, 2017 146 / 162 -6 -2 -8",https://www.estimize.com/users/analyst_76071
"XOM Q2 2017 Jul 28, 2017 65 / 92 -3 -2 -5",https://www.estimize.com/users/analyst_76071
"KDP Q2 2017 Jul 27, 2017 25 / 39 -5 11 6",https://www.estimize.com/users/analyst_76071
"ALK Q2 2017 Jul 26, 2017 43 / 54 -2 -4 -6",https://www.estimize.com/users/analyst_76071
"NOC Q2 2017 Jul 26, 2017 13 / 29 -4 14 10",https://www.estimize.com/users/analyst_76071
"AMD Q2 2017 Jul 25, 2017 181 / 597 9 15 24",https://www.estimize.com/users/analyst_76071
"DPZ Q2 2017 Jul 25, 2017 4 / 74 17 19 36",https://www.estimize.com/users/analyst_76071
"HCA Q2 2017 Jul 25, 2017 14 / 35 12 -4 8",https://www.estimize.com/users/analyst_76071
"SWK Q2 2017 Jul 24, 2017 3 / 24 20 15 35",https://www.estimize.com/users/analyst_76071
"UNH Q2 2017 Jul 18, 2017 53 / 61 -6 -7 -13",https://www.estimize.com/users/analyst_76071
"JNJ Q2 2017 Jul 18, 2017 97 / 102 7 -25 -18",https://www.estimize.com/users/analyst_76071
"SWBI Q4 2017 Jun 29, 2017 12 / 87 15 11 26",https://www.estimize.com/users/analyst_76071
"AVGO Q2 2017 Jun 1, 2017 19 / 134 16 16 32",https://www.estimize.com/users/analyst_76071
"COST Q3 2017 May 25, 2017 57 / 123 17 -4 13",https://www.estimize.com/users/analyst_76071
"A Q2 2017 May 22, 2017 19 / 44 10 9 19",https://www.estimize.com/users/analyst_76071
"ROST Q1 2017 May 18, 2017 31 / 46 5 13 18",https://www.estimize.com/users/analyst_76071
"BKNG Q1 2017 May 9, 2017 12 / 149 22 -5 17",https://www.estimize.com/users/analyst_76071
"NVDA Q1 2018 May 9, 2017 357 / 474 14 -12 2",https://www.estimize.com/users/analyst_76071
"HCA Q1 2017 May 2, 2017 21 / 21 -15 -13 -28",https://www.estimize.com/users/analyst_76071
"AMD Q1 2017 May 1, 2017 447 / 479 -5 -25 -30",https://www.estimize.com/users/analyst_76071
"XOM Q1 2017 Apr 28, 2017 74 / 83 10 -9 1",https://www.estimize.com/users/analyst_76071
"DPZ Q1 2017 Apr 27, 2017 27 / 51 8 11 19",https://www.estimize.com/users/analyst_76071
"ALK Q1 2017 Apr 26, 2017 5 / 44 -12 25 13",https://www.estimize.com/users/analyst_76071
"KDP Q1 2017 Apr 26, 2017 25 / 43 -6 9 3",https://www.estimize.com/users/analyst_76071
"NOC Q1 2017 Apr 26, 2017 4 / 24 11 21 32",https://www.estimize.com/users/analyst_76071
"SWK Q1 2017 Apr 21, 2017 15 / 21 12 -6 6",https://www.estimize.com/users/analyst_76071
"JNJ Q1 2017 Apr 18, 2017 31 / 87 17 -8 9",https://www.estimize.com/users/analyst_76071
"UNH Q1 2017 Apr 18, 2017 4 / 45 11 16 27",https://www.estimize.com/users/analyst_76071
"COST Q2 2017 Mar 2, 2017 83 / 111 -3 -4 -7",https://www.estimize.com/users/analyst_76071
"SWBI Q3 2017 Mar 2, 2017 28 / 92 15 -4 11",https://www.estimize.com/users/analyst_76071
"ROST Q4 2016 Feb 28, 2017 9 / 37 25 11 36",https://www.estimize.com/users/analyst_76071
"DPZ Q4 2016 Feb 28, 2017 4 / 66 20 14 34",https://www.estimize.com/users/analyst_76071
"KDP Q4 2016 Feb 14, 2017 41 / 45 -7 -7 -14",https://www.estimize.com/users/analyst_76071
"NVDA Q4 2017 Feb 9, 2017 21 / 511 18 23 41",https://www.estimize.com/users/analyst_76071
"ALK Q4 2016 Feb 8, 2017 8 / 58 13 10 23",https://www.estimize.com/users/analyst_76071
"AMD Q4 2016 Jan 31, 2017 385 / 423 -8 -12 -20",https://www.estimize.com/users/analyst_76071
"JNJ Q4 2016 Jan 24, 2017 120 / 121 -11 -25 -36",https://www.estimize.com/users/analyst_76071
"SWBI Q2 2017 Dec 1, 2016 103 / 106 9 -25 -16",https://www.estimize.com/users/analyst_76071
"NVDA Q3 2017 Nov 10, 2016 12 / 328 15 10 25",https://www.estimize.com/users/analyst_76071
"CHD Q3 2016 Nov 3, 2016 7 / 7 -10 -3 -13",https://www.estimize.com/users/analyst_76071
"AWK Q3 2016 Nov 2, 2016 16 / 17 9 -18 -9",https://www.estimize.com/users/analyst_76071
"KDP Q3 2016 Oct 27, 2016 1 / 44 19 23 42",https://www.estimize.com/users/analyst_76071
"EW Q3 2016 Oct 25, 2016 23 / 29 -4 -6 -10",https://www.estimize.com/users/analyst_76071
"JNJ Q3 2016 Oct 18, 2016 55 / 106 25 -8 17",https://www.estimize.com/users/analyst_76071
"SWBI Q1 2017 Sep 1, 2016 95 / 170 9 8 17",https://www.estimize.com/users/analyst_76071
