0,URL
"AAPL Q4 2021 Oct 28, 2021 313 / 324 -16 -9 -25",https://www.estimize.com/users/analyst_1808569-78cccf70-86f5-4ef9-9968-548c19041ab7
"AAPL Q3 2021 Jul 27, 2021 342 / 348 -13 -10 -23",https://www.estimize.com/users/analyst_1808569-78cccf70-86f5-4ef9-9968-548c19041ab7
"AAPL Q2 2021 Apr 28, 2021 402 / 461 -7 -5 -12",https://www.estimize.com/users/analyst_1808569-78cccf70-86f5-4ef9-9968-548c19041ab7
"AAPL Q1 2021 Jan 27, 2021 429 / 502 -5 -4 -9",https://www.estimize.com/users/analyst_1808569-78cccf70-86f5-4ef9-9968-548c19041ab7
"CRWD Q2 2021 Sep 2, 2020 67 / 82 -4 -4 -8",https://www.estimize.com/users/analyst_1808569-78cccf70-86f5-4ef9-9968-548c19041ab7
