0,URL
"TTD Q3 2021 Nov 8, 2021 42 / 44 -8 -9 -17",https://www.estimize.com/users/analyst_7623901
"MELI Q3 2021 Nov 4, 2021 13 / 27 11 -1 10",https://www.estimize.com/users/analyst_7623901
"MGM Q3 2021 Nov 3, 2021 1 / 16 22 9 31",https://www.estimize.com/users/analyst_7623901
"QCOM Q4 2021 Nov 3, 2021 44 / 64 -4 10 6",https://www.estimize.com/users/analyst_7623901
"CPRI Q2 2022 Nov 3, 2021 11 / 18 8 8 16",https://www.estimize.com/users/analyst_7623901
"APPS Q2 2022 Nov 2, 2021 7 / 18 7 12 19",https://www.estimize.com/users/analyst_7623901
"META Q3 2021 Oct 25, 2021 62 / 185 -1 -1 -2",https://www.estimize.com/users/analyst_7623901
"TSM Q3 2021 Oct 14, 2021 18 / 44 7 20 27",https://www.estimize.com/users/analyst_7623901
"CRM Q2 2022 Aug 25, 2021 56 / 86 7 8 15",https://www.estimize.com/users/analyst_7623901
"PANW Q4 2021 Aug 23, 2021 29 / 38 -6 9 3",https://www.estimize.com/users/analyst_7623901
"JD Q2 2021 Aug 23, 2021 22 / 36 14 25 39",https://www.estimize.com/users/analyst_7623901
"BIDU Q2 2021 Aug 12, 2021 13 / 48 11 20 31",https://www.estimize.com/users/analyst_7623901
"EBAY Q2 2021 Aug 11, 2021 33 / 44 -5 -3 -8",https://www.estimize.com/users/analyst_7623901
"APPS Q1 2022 Aug 9, 2021 9 / 13 -3 11 8",https://www.estimize.com/users/analyst_7623901
"PLUG Q2 2021 Aug 5, 2021 4 / 22 10 13 23",https://www.estimize.com/users/analyst_7623901
"MGM Q2 2021 Aug 4, 2021 1 / 18 12 19 31",https://www.estimize.com/users/analyst_7623901
"MELI Q2 2021 Aug 4, 2021 9 / 20 -3 13 10",https://www.estimize.com/users/analyst_7623901
"CPRI Q1 2022 Jul 30, 2021 13 / 13 -4 -5 -9",https://www.estimize.com/users/analyst_7623901
"BUD Q2 2021 Jul 29, 2021 6 / 7 -4 -5 -9",https://www.estimize.com/users/analyst_7623901
"QCOM Q1 2021 Feb 3, 2021 2 / 83 16 25 41",https://www.estimize.com/users/analyst_7623901
"EBAY Q4 2020 Feb 3, 2021 12 / 63 12 14 26",https://www.estimize.com/users/analyst_7623901
"AAPL Q1 2021 Jan 27, 2021 215 / 502 9 10 19",https://www.estimize.com/users/analyst_7623901
"YY Q2 2020 Aug 12, 2020 1 / 10 24 10 34",https://www.estimize.com/users/analyst_7623901
"DIS Q3 2020 Aug 4, 2020 2 / 129 10 22 32",https://www.estimize.com/users/analyst_7623901
"QCOM Q3 2020 Jul 29, 2020 67 / 75 7 -4 3",https://www.estimize.com/users/analyst_7623901
"BIDU Q1 2020 May 18, 2020 91 / 98 -5 -2 -7",https://www.estimize.com/users/analyst_7623901
"BYD Q4 2019 Feb 20, 2020 26 / 31 -8 9 1",https://www.estimize.com/users/analyst_7623901
"YNDX Q4 2019 Feb 14, 2020 10 / 12 -4 -4 -8",https://www.estimize.com/users/analyst_7623901
"BABA Q3 2020 Feb 13, 2020 101 / 168 10 -3 7",https://www.estimize.com/users/analyst_7623901
"SHOP Q4 2019 Feb 12, 2020 91 / 112 9 -4 5",https://www.estimize.com/users/analyst_7623901
"NR Q4 2019 Feb 6, 2020 3 / 8 25 -9 16",https://www.estimize.com/users/analyst_7623901
"NOK Q4 2019 Feb 6, 2020 1 / 33 25 16 41",https://www.estimize.com/users/analyst_7623901
"ZNGA Q4 2019 Feb 5, 2020 10 / 53 9 12 21",https://www.estimize.com/users/analyst_7623901
"PAYC Q4 2019 Feb 5, 2020 18 / 41 11 11 22",https://www.estimize.com/users/analyst_7623901
"TWLO Q4 2019 Feb 5, 2020 34 / 79 14 9 23",https://www.estimize.com/users/analyst_7623901
"GILD Q4 2019 Feb 4, 2020 26 / 65 -4 12 8",https://www.estimize.com/users/analyst_7623901
"GOOGL Q4 2019 Feb 3, 2020 227 / 289 9 -4 5",https://www.estimize.com/users/analyst_7623901
"NXPI Q4 2019 Feb 3, 2020 24 / 59 -2 14 12",https://www.estimize.com/users/analyst_7623901
"EA Q3 2020 Jan 30, 2020 38 / 86 -1 17 16",https://www.estimize.com/users/analyst_7623901
"AMZN Q4 2019 Jan 30, 2020 201 / 330 8 8 16",https://www.estimize.com/users/analyst_7623901
"MSFT Q2 2020 Jan 29, 2020 281 / 299 -5 -5 -10",https://www.estimize.com/users/analyst_7623901
"PYPL Q4 2019 Jan 29, 2020 19 / 125 17 21 38",https://www.estimize.com/users/analyst_7623901
"META Q4 2019 Jan 29, 2020 8 / 295 25 17 42",https://www.estimize.com/users/analyst_7623901
"ROL Q4 2019 Jan 29, 2020 4 / 6 -12 25 13",https://www.estimize.com/users/analyst_7623901
"MA Q4 2019 Jan 29, 2020 69 / 92 5 -1 4",https://www.estimize.com/users/analyst_7623901
"SBUX Q1 2020 Jan 28, 2020 68 / 115 9 -3 6",https://www.estimize.com/users/analyst_7623901
"EBAY Q4 2019 Jan 28, 2020 101 / 107 -6 -8 -14",https://www.estimize.com/users/analyst_7623901
"AAPL Q1 2020 Jan 28, 2020 235 / 513 10 9 19",https://www.estimize.com/users/analyst_7623901
"IBKR Q4 2019 Jan 21, 2020 3 / 22 -1 16 15",https://www.estimize.com/users/analyst_7623901
"IBM Q4 2019 Jan 21, 2020 69 / 134 17 -3 14",https://www.estimize.com/users/analyst_7623901
"PETS Q3 2020 Jan 21, 2020 14 / 14 -5 -4 -9",https://www.estimize.com/users/analyst_7623901
"STZ Q3 2020 Jan 8, 2020 33 / 40 8 -5 3",https://www.estimize.com/users/analyst_7623901
"BB Q3 2020 Dec 20, 2019 56 / 66 -4 -6 -10",https://www.estimize.com/users/analyst_7623901
"MU Q1 2020 Dec 18, 2019 100 / 161 -1 -2 -3",https://www.estimize.com/users/analyst_7623901
"ORCL Q2 2020 Dec 12, 2019 5 / 80 25 -1 24",https://www.estimize.com/users/analyst_7623901
"MDB Q3 2020 Dec 9, 2019 27 / 46 16 -4 12",https://www.estimize.com/users/analyst_7623901
"DOCU Q3 2020 Dec 5, 2019 2 / 47 10 23 33",https://www.estimize.com/users/analyst_7623901
"WDAY Q3 2020 Dec 3, 2019 84 / 85 -6 -7 -13",https://www.estimize.com/users/analyst_7623901
"BOX Q3 2020 Nov 26, 2019 3 / 41 -2 21 19",https://www.estimize.com/users/analyst_7623901
"KEYS Q4 2019 Nov 26, 2019 4 / 23 10 24 34",https://www.estimize.com/users/analyst_7623901
"MOMO Q3 2019 Nov 26, 2019 11 / 29 19 9 28",https://www.estimize.com/users/analyst_7623901
"PANW Q1 2020 Nov 25, 2019 39 / 84 -1 -1 -2",https://www.estimize.com/users/analyst_7623901
"WIX Q3 2019 Nov 14, 2019 22 / 25 -5 -3 -8",https://www.estimize.com/users/analyst_7623901
"WB Q3 2019 Nov 14, 2019 13 / 21 -3 -1 -4",https://www.estimize.com/users/analyst_7623901
"SINA Q3 2019 Nov 14, 2019 6 / 11 9 -1 8",https://www.estimize.com/users/analyst_7623901
"CSCO Q1 2020 Nov 13, 2019 62 / 146 9 18 27",https://www.estimize.com/users/analyst_7623901
"SSYS Q3 2019 Nov 13, 2019 8 / 13 9 -3 6",https://www.estimize.com/users/analyst_7623901
"SWKS Q4 2019 Nov 12, 2019 58 / 68 -4 -1 -5",https://www.estimize.com/users/analyst_7623901
"YY Q3 2019 Nov 12, 2019 7 / 22 15 16 31",https://www.estimize.com/users/analyst_7623901
"ATVI Q3 2019 Nov 7, 2019 48 / 121 10 18 28",https://www.estimize.com/users/analyst_7623901
"TTD Q3 2019 Nov 7, 2019 23 / 55 12 -1 11",https://www.estimize.com/users/analyst_7623901
"BKNG Q3 2019 Nov 7, 2019 49 / 84 -2 -1 -3",https://www.estimize.com/users/analyst_7623901
"DIS Q4 2019 Nov 7, 2019 140 / 195 -3 -1 -4",https://www.estimize.com/users/analyst_7623901
"MIME Q2 2020 Nov 7, 2019 3 / 14 15 13 28",https://www.estimize.com/users/analyst_7623901
"TTWO Q2 2020 Nov 7, 2019 38 / 59 8 12 20",https://www.estimize.com/users/analyst_7623901
"BIDU Q3 2019 Nov 6, 2019 45 / 116 15 -1 14",https://www.estimize.com/users/analyst_7623901
"GLUU Q3 2019 Nov 6, 2019 15 / 17 -5 -3 -8",https://www.estimize.com/users/analyst_7623901
"TRIP Q3 2019 Nov 6, 2019 20 / 31 -3 -4 -7",https://www.estimize.com/users/analyst_7623901
"CPRI Q2 2020 Nov 6, 2019 16 / 22 -3 -4 -7",https://www.estimize.com/users/analyst_7623901
"HUBS Q3 2019 Nov 5, 2019 14 / 33 7 14 21",https://www.estimize.com/users/analyst_7623901
"NEWR Q2 2020 Nov 5, 2019 7 / 23 9 22 31",https://www.estimize.com/users/analyst_7623901
"MTCH Q3 2019 Nov 5, 2019 16 / 53 0 19 19",https://www.estimize.com/users/analyst_7623901
"ICHR Q3 2019 Nov 5, 2019 1 / 13 25 11 36",https://www.estimize.com/users/analyst_7623901
"MMYT Q2 2020 Nov 4, 2019 4 / 5 11 -2 9",https://www.estimize.com/users/analyst_7623901
"BABA Q2 2020 Nov 1, 2019 44 / 119 9 -1 8",https://www.estimize.com/users/analyst_7623901
"ANET Q3 2019 Oct 31, 2019 55 / 69 9 -3 6",https://www.estimize.com/users/analyst_7623901
"MELI Q3 2019 Oct 31, 2019 21 / 32 -3 -2 -5",https://www.estimize.com/users/analyst_7623901
"AYX Q3 2019 Oct 31, 2019 37 / 43 9 -4 5",https://www.estimize.com/users/analyst_7623901
"RGEN Q3 2019 Oct 31, 2019 6 / 7 9 -5 4",https://www.estimize.com/users/analyst_7623901
"NR Q3 2019 Oct 30, 2019 2 / 8 10 -3 7",https://www.estimize.com/users/analyst_7623901
"BLDP Q3 2019 Oct 30, 2019 3 / 11 25 -4 21",https://www.estimize.com/users/analyst_7623901
"SBUX Q4 2019 Oct 30, 2019 111 / 114 -3 -18 -21",https://www.estimize.com/users/analyst_7623901
"META Q3 2019 Oct 30, 2019 175 / 324 8 11 19",https://www.estimize.com/users/analyst_7623901
"AAPL Q4 2019 Oct 30, 2019 290 / 492 -4 12 8",https://www.estimize.com/users/analyst_7623901
"ZNGA Q3 2019 Oct 30, 2019 37 / 39 -2 -9 -11",https://www.estimize.com/users/analyst_7623901
"TWLO Q3 2019 Oct 30, 2019 16 / 89 25 10 35",https://www.estimize.com/users/analyst_7623901
"PAYC Q3 2019 Oct 29, 2019 28 / 35 -3 -4 -7",https://www.estimize.com/users/analyst_7623901
"EA Q2 2020 Oct 29, 2019 80 / 86 -7 -6 -13",https://www.estimize.com/users/analyst_7623901
"SHOP Q3 2019 Oct 29, 2019 93 / 109 -4 -5 -9",https://www.estimize.com/users/analyst_7623901
"MA Q3 2019 Oct 29, 2019 49 / 102 8 10 18",https://www.estimize.com/users/analyst_7623901
"GOOGL Q3 2019 Oct 28, 2019 167 / 288 11 -13 -2",https://www.estimize.com/users/analyst_7623901
"NXPI Q3 2019 Oct 28, 2019 44 / 52 10 -8 2",https://www.estimize.com/users/analyst_7623901
"CGNX Q3 2019 Oct 28, 2019 7 / 17 22 19 41",https://www.estimize.com/users/analyst_7623901
"YNDX Q3 2019 Oct 25, 2019 13 / 17 15 -9 6",https://www.estimize.com/users/analyst_7623901
"UFS Q3 2019 Oct 25, 2019 7 / 8 10 -6 4",https://www.estimize.com/users/analyst_7623901
"AMZN Q3 2019 Oct 24, 2019 155 / 393 21 -9 12",https://www.estimize.com/users/analyst_7623901
"GILD Q3 2019 Oct 24, 2019 37 / 63 -2 -5 -7",https://www.estimize.com/users/analyst_7623901
"EBAY Q3 2019 Oct 23, 2019 85 / 88 -17 -4 -21",https://www.estimize.com/users/analyst_7623901
"PYPL Q3 2019 Oct 23, 2019 130 / 133 11 -25 -14",https://www.estimize.com/users/analyst_7623901
"MSFT Q1 2020 Oct 23, 2019 138 / 303 10 11 21",https://www.estimize.com/users/analyst_7623901
"TSLA Q3 2019 Oct 23, 2019 404 / 512 -3 -2 -5",https://www.estimize.com/users/analyst_7623901
"ROL Q3 2019 Oct 23, 2019 5 / 6 -15 13 -2",https://www.estimize.com/users/analyst_7623901
"SLB Q3 2019 Oct 18, 2019 58 / 61 -7 -25 -32",https://www.estimize.com/users/analyst_7623901
"IBM Q3 2019 Oct 16, 2019 93 / 148 24 -15 9",https://www.estimize.com/users/analyst_7623901
"IBKR Q3 2019 Oct 15, 2019 9 / 24 -3 11 8",https://www.estimize.com/users/analyst_7623901
"MU Q4 2019 Sep 26, 2019 215 / 234 -9 -8 -17",https://www.estimize.com/users/analyst_7623901
"TCOM Q2 2019 Sep 9, 2019 3 / 45 21 17 38",https://www.estimize.com/users/analyst_7623901
"DOCU Q2 2020 Sep 5, 2019 67 / 69 -2 -9 -11",https://www.estimize.com/users/analyst_7623901
"PANW Q4 2019 Sep 4, 2019 83 / 93 -5 -8 -13",https://www.estimize.com/users/analyst_7623901
"MDB Q2 2020 Sep 4, 2019 59 / 59 -24 -19 -43",https://www.estimize.com/users/analyst_7623901
"WDAY Q2 2020 Aug 29, 2019 91 / 94 8 -22 -14",https://www.estimize.com/users/analyst_7623901
"MOMO Q2 2019 Aug 27, 2019 13 / 37 14 10 24",https://www.estimize.com/users/analyst_7623901
"BIDU Q2 2019 Aug 19, 2019 87 / 182 10 19 29",https://www.estimize.com/users/analyst_7623901
"SINA Q2 2019 Aug 19, 2019 8 / 15 12 -6 6",https://www.estimize.com/users/analyst_7623901
"WB Q2 2019 Aug 19, 2019 21 / 24 -4 -17 -21",https://www.estimize.com/users/analyst_7623901
"BABA Q1 2020 Aug 15, 2019 21 / 157 12 20 32",https://www.estimize.com/users/analyst_7623901
"CSCO Q4 2019 Aug 14, 2019 119 / 140 -10 -4 -14",https://www.estimize.com/users/analyst_7623901
"YY Q2 2019 Aug 13, 2019 14 / 29 -1 13 12",https://www.estimize.com/users/analyst_7623901
"JD Q2 2019 Aug 13, 2019 55 / 76 8 -5 3",https://www.estimize.com/users/analyst_7623901
"ATVI Q2 2019 Aug 8, 2019 62 / 115 19 -6 13",https://www.estimize.com/users/analyst_7623901
"TTD Q2 2019 Aug 8, 2019 82 / 84 -4 -14 -18",https://www.estimize.com/users/analyst_7623901
"GOGO Q2 2019 Aug 8, 2019 6 / 28 11 13 24",https://www.estimize.com/users/analyst_7623901
"DDD Q2 2019 Aug 7, 2019 45 / 45 -9 -25 -34",https://www.estimize.com/users/analyst_7623901
"MELI Q2 2019 Aug 7, 2019 32 / 32 -25 -10 -35",https://www.estimize.com/users/analyst_7623901
"BKNG Q2 2019 Aug 7, 2019 39 / 82 -4 20 16",https://www.estimize.com/users/analyst_7623901
"TRIP Q2 2019 Aug 7, 2019 7 / 43 19 -7 12",https://www.estimize.com/users/analyst_7623901
"MTCH Q2 2019 Aug 6, 2019 17 / 48 -3 11 8",https://www.estimize.com/users/analyst_7623901
"NEWR Q1 2020 Aug 6, 2019 13 / 24 25 -14 11",https://www.estimize.com/users/analyst_7623901
"HUBS Q2 2019 Aug 6, 2019 23 / 32 8 -9 -1",https://www.estimize.com/users/analyst_7623901
"GLUU Q2 2019 Aug 1, 2019 14 / 15 -8 -5 -13",https://www.estimize.com/users/analyst_7623901
"ANET Q2 2019 Aug 1, 2019 70 / 72 -6 -25 -31",https://www.estimize.com/users/analyst_7623901
"SHOP Q2 2019 Aug 1, 2019 94 / 108 12 -11 1",https://www.estimize.com/users/analyst_7623901
"BLDP Q2 2019 Jul 31, 2019 10 / 10 -13 -5 -18",https://www.estimize.com/users/analyst_7623901
"TWLO Q2 2019 Jul 31, 2019 64 / 115 25 -10 15",https://www.estimize.com/users/analyst_7623901
"AYX Q2 2019 Jul 31, 2019 43 / 44 -7 -9 -16",https://www.estimize.com/users/analyst_7623901
"SSYS Q2 2019 Jul 31, 2019 5 / 14 18 -8 10",https://www.estimize.com/users/analyst_7623901
"EA Q1 2020 Jul 30, 2019 78 / 107 7 -3 4",https://www.estimize.com/users/analyst_7623901
"PAYC Q2 2019 Jul 30, 2019 39 / 42 -7 -8 -15",https://www.estimize.com/users/analyst_7623901
"AAPL Q3 2019 Jul 30, 2019 319 / 553 16 -3 13",https://www.estimize.com/users/analyst_7623901
"MA Q2 2019 Jul 30, 2019 31 / 111 19 10 29",https://www.estimize.com/users/analyst_7623901
"CGNX Q2 2019 Jul 29, 2019 25 / 27 -15 -25 -40",https://www.estimize.com/users/analyst_7623901
"YNDX Q2 2019 Jul 26, 2019 14 / 16 -3 -4 -7",https://www.estimize.com/users/analyst_7623901
"OSPN Q2 2019 Jul 25, 2019 6 / 6 -6 -4 -10",https://www.estimize.com/users/analyst_7623901
"AMZN Q2 2019 Jul 25, 2019 341 / 386 -6 -8 -14",https://www.estimize.com/users/analyst_7623901
"GOOGL Q2 2019 Jul 25, 2019 33 / 334 8 19 27",https://www.estimize.com/users/analyst_7623901
"SBUX Q3 2019 Jul 25, 2019 118 / 124 -7 -9 -16",https://www.estimize.com/users/analyst_7623901
"PYPL Q2 2019 Jul 24, 2019 104 / 128 -6 -2 -8",https://www.estimize.com/users/analyst_7623901
"META Q2 2019 Jul 24, 2019 327 / 410 -5 -4 -9",https://www.estimize.com/users/analyst_7623901
"TSLA Q2 2019 Jul 24, 2019 479 / 572 -7 -6 -13",https://www.estimize.com/users/analyst_7623901
"WIX Q2 2019 Jul 24, 2019 4 / 25 16 17 33",https://www.estimize.com/users/analyst_7623901
"ROL Q2 2019 Jul 24, 2019 7 / 7 -13 -25 -38",https://www.estimize.com/users/analyst_7623901
"SLB Q2 2019 Jul 19, 2019 60 / 61 -25 -25 -50",https://www.estimize.com/users/analyst_7623901
"MSFT Q4 2019 Jul 18, 2019 111 / 349 9 12 21",https://www.estimize.com/users/analyst_7623901
"EBAY Q2 2019 Jul 17, 2019 102 / 104 -12 -25 -37",https://www.estimize.com/users/analyst_7623901
"IBM Q2 2019 Jul 17, 2019 89 / 140 17 -16 1",https://www.estimize.com/users/analyst_7623901
"IBKR Q2 2019 Jul 16, 2019 8 / 23 -5 11 6",https://www.estimize.com/users/analyst_7623901
"MU Q3 2019 Jun 25, 2019 124 / 246 17 -1 16",https://www.estimize.com/users/analyst_7623901
"DOCU Q1 2020 Jun 6, 2019 73 / 76 -14 -15 -29",https://www.estimize.com/users/analyst_7623901
"MDB Q1 2020 Jun 5, 2019 55 / 55 -21 -25 -46",https://www.estimize.com/users/analyst_7623901
"PANW Q3 2019 May 29, 2019 95 / 104 0 -9 -9",https://www.estimize.com/users/analyst_7623901
"YY Q1 2019 May 28, 2019 29 / 34 10 -5 5",https://www.estimize.com/users/analyst_7623901
"WDAY Q1 2020 May 28, 2019 56 / 91 17 -4 13",https://www.estimize.com/users/analyst_7623901
"MOMO Q1 2019 May 28, 2019 26 / 34 -4 6 2",https://www.estimize.com/users/analyst_7623901
"SINA Q1 2019 May 23, 2019 7 / 12 -2 -1 -3",https://www.estimize.com/users/analyst_7623901
"WB Q1 2019 May 23, 2019 18 / 30 -1 -2 -3",https://www.estimize.com/users/analyst_7623901
"BIDU Q1 2019 May 16, 2019 36 / 130 -1 -1 -2",https://www.estimize.com/users/analyst_7623901
"WIX Q1 2019 May 16, 2019 33 / 40 -3 -8 -11",https://www.estimize.com/users/analyst_7623901
"MMYT Q4 2019 May 16, 2019 5 / 5 -5 12 7",https://www.estimize.com/users/analyst_7623901
"CSCO Q3 2019 May 15, 2019 48 / 144 -2 24 22",https://www.estimize.com/users/analyst_7623901
"BABA Q4 2019 May 15, 2019 108 / 193 15 -5 10",https://www.estimize.com/users/analyst_7623901
"NEWR Q4 2019 May 14, 2019 34 / 38 9 -10 -1",https://www.estimize.com/users/analyst_7623901
"JD Q1 2019 May 10, 2019 43 / 66 -4 12 8",https://www.estimize.com/users/analyst_7623901
"BKNG Q1 2019 May 9, 2019 94 / 100 -16 -9 -25",https://www.estimize.com/users/analyst_7623901
"GOGO Q1 2019 May 9, 2019 26 / 28 -6 -12 -18",https://www.estimize.com/users/analyst_7623901
"TTD Q1 2019 May 9, 2019 54 / 69 8 -4 4",https://www.estimize.com/users/analyst_7623901
"DIS Q2 2019 May 8, 2019 196 / 228 -1 -7 -8",https://www.estimize.com/users/analyst_7623901
"OSPN Q1 2019 May 7, 2019 7 / 9 -4 -4 -8",https://www.estimize.com/users/analyst_7623901
"MTCH Q1 2019 May 7, 2019 21 / 62 11 -1 10",https://www.estimize.com/users/analyst_7623901
"HUBS Q1 2019 May 7, 2019 27 / 33 9 -10 -1",https://www.estimize.com/users/analyst_7623901
"DDD Q1 2019 May 7, 2019 47 / 57 -3 -5 -8",https://www.estimize.com/users/analyst_7623901
"EA Q4 2019 May 7, 2019 84 / 121 -4 10 6",https://www.estimize.com/users/analyst_7623901
"TRIP Q1 2019 May 7, 2019 48 / 52 -6 -8 -14",https://www.estimize.com/users/analyst_7623901
"GLUU Q1 2019 May 6, 2019 6 / 22 -4 18 14",https://www.estimize.com/users/analyst_7623901
"ATVI Q1 2019 May 2, 2019 63 / 138 22 -1 21",https://www.estimize.com/users/analyst_7623901
"ANET Q1 2019 May 2, 2019 65 / 75 -7 -1 -8",https://www.estimize.com/users/analyst_7623901
"MELI Q1 2019 May 2, 2019 12 / 23 12 -3 9",https://www.estimize.com/users/analyst_7623901
"SSYS Q1 2019 May 2, 2019 13 / 18 16 -18 -2",https://www.estimize.com/users/analyst_7623901
"BLDP Q1 2019 May 1, 2019 9 / 9 -15 -4 -19",https://www.estimize.com/users/analyst_7623901
"AYX Q1 2019 May 1, 2019 29 / 41 10 -4 6",https://www.estimize.com/users/analyst_7623901
"TWLO Q1 2019 Apr 30, 2019 107 / 122 8 -9 -1",https://www.estimize.com/users/analyst_7623901
"PAYC Q1 2019 Apr 30, 2019 26 / 32 -3 -12 -15",https://www.estimize.com/users/analyst_7623901
"AAPL Q2 2019 Apr 30, 2019 412 / 556 -6 -2 -8",https://www.estimize.com/users/analyst_7623901
"MA Q1 2019 Apr 30, 2019 90 / 106 9 -8 1",https://www.estimize.com/users/analyst_7623901
"SHOP Q1 2019 Apr 30, 2019 54 / 82 22 -10 12",https://www.estimize.com/users/analyst_7623901
"GOOGL Q1 2019 Apr 29, 2019 28 / 329 -5 25 20",https://www.estimize.com/users/analyst_7623901
"CGNX Q1 2019 Apr 29, 2019 21 / 23 -13 -22 -35",https://www.estimize.com/users/analyst_7623901
"AMZN Q1 2019 Apr 25, 2019 374 / 441 8 -11 -3",https://www.estimize.com/users/analyst_7623901
"SBUX Q2 2019 Apr 25, 2019 86 / 139 8 -3 5",https://www.estimize.com/users/analyst_7623901
"YNDX Q1 2019 Apr 25, 2019 6 / 10 -3 -4 -7",https://www.estimize.com/users/analyst_7623901
"MSFT Q3 2019 Apr 24, 2019 207 / 324 8 8 16",https://www.estimize.com/users/analyst_7623901
"PYPL Q1 2019 Apr 24, 2019 127 / 145 -4 -2 -6",https://www.estimize.com/users/analyst_7623901
"TSLA Q1 2019 Apr 24, 2019 397 / 506 -4 -5 -9",https://www.estimize.com/users/analyst_7623901
"META Q1 2019 Apr 24, 2019 302 / 456 9 -3 6",https://www.estimize.com/users/analyst_7623901
"ROL Q1 2019 Apr 24, 2019 4 / 6 -6 -4 -10",https://www.estimize.com/users/analyst_7623901
"EBAY Q1 2019 Apr 23, 2019 112 / 119 -8 -10 -18",https://www.estimize.com/users/analyst_7623901
"SLB Q1 2019 Apr 18, 2019 59 / 62 -25 -25 -50",https://www.estimize.com/users/analyst_7623901
"IBM Q1 2019 Apr 16, 2019 155 / 183 -6 -4 -10",https://www.estimize.com/users/analyst_7623901
"IBKR Q1 2019 Apr 16, 2019 4 / 35 18 13 31",https://www.estimize.com/users/analyst_7623901
"MU Q2 2019 Mar 20, 2019 244 / 276 -19 -20 -39",https://www.estimize.com/users/analyst_7623901
"DOCU Q4 2019 Mar 14, 2019 70 / 70 -12 -8 -20",https://www.estimize.com/users/analyst_7623901
"MDB Q4 2019 Mar 13, 2019 32 / 32 -5 -8 -13",https://www.estimize.com/users/analyst_7623901
"MOMO Q4 2018 Mar 12, 2019 32 / 49 -4 11 7",https://www.estimize.com/users/analyst_7623901
"SSYS Q4 2018 Mar 7, 2019 22 / 23 -9 -4 -13",https://www.estimize.com/users/analyst_7623901
"BLDP Q4 2018 Mar 6, 2019 5 / 12 -5 19 14",https://www.estimize.com/users/analyst_7623901
"SINA Q4 2018 Mar 5, 2019 7 / 18 19 -13 6",https://www.estimize.com/users/analyst_7623901
"WB Q4 2018 Mar 5, 2019 33 / 38 -5 -18 -23",https://www.estimize.com/users/analyst_7623901
"YY Q4 2018 Mar 4, 2019 6 / 38 -1 22 21",https://www.estimize.com/users/analyst_7623901
"WDAY Q4 2019 Feb 28, 2019 92 / 94 -8 -19 -27",https://www.estimize.com/users/analyst_7623901
"DDD Q4 2018 Feb 28, 2019 39 / 61 19 -11 8",https://www.estimize.com/users/analyst_7623901
"JD Q4 2018 Feb 28, 2019 33 / 80 22 -3 19",https://www.estimize.com/users/analyst_7623901
"BKNG Q4 2018 Feb 27, 2019 92 / 101 -4 -7 -11",https://www.estimize.com/users/analyst_7623901
"AYX Q4 2018 Feb 27, 2019 36 / 36 -14 -16 -30",https://www.estimize.com/users/analyst_7623901
"MELI Q4 2018 Feb 26, 2019 15 / 19 -4 11 7",https://www.estimize.com/users/analyst_7623901
"PANW Q2 2019 Feb 26, 2019 96 / 103 -4 -7 -11",https://www.estimize.com/users/analyst_7623901
"TTD Q4 2018 Feb 21, 2019 66 / 76 -4 -5 -9",https://www.estimize.com/users/analyst_7623901
"BIDU Q4 2018 Feb 21, 2019 129 / 143 -25 -6 -31",https://www.estimize.com/users/analyst_7623901
"GOGO Q4 2018 Feb 21, 2019 4 / 26 7 25 32",https://www.estimize.com/users/analyst_7623901
"WIX Q4 2018 Feb 20, 2019 19 / 32 9 -4 5",https://www.estimize.com/users/analyst_7623901
"OSPN Q4 2018 Feb 19, 2019 2 / 7 11 -3 8",https://www.estimize.com/users/analyst_7623901
"YNDX Q4 2018 Feb 15, 2019 13 / 15 -25 20 -5",https://www.estimize.com/users/analyst_7623901
"CGNX Q4 2018 Feb 14, 2019 7 / 20 -3 12 9",https://www.estimize.com/users/analyst_7623901
"ANET Q4 2018 Feb 14, 2019 69 / 87 -7 10 3",https://www.estimize.com/users/analyst_7623901
"CSCO Q2 2019 Feb 13, 2019 25 / 162 25 -2 23",https://www.estimize.com/users/analyst_7623901
"ATVI Q4 2018 Feb 12, 2019 135 / 164 -3 -4 -7",https://www.estimize.com/users/analyst_7623901
"TWLO Q4 2018 Feb 12, 2019 105 / 112 -3 -11 -14",https://www.estimize.com/users/analyst_7623901
"HUBS Q4 2018 Feb 12, 2019 35 / 35 -9 -7 -16",https://www.estimize.com/users/analyst_7623901
"TRIP Q4 2018 Feb 12, 2019 33 / 64 -1 -2 -3",https://www.estimize.com/users/analyst_7623901
"SHOP Q4 2018 Feb 12, 2019 90 / 103 -6 -7 -13",https://www.estimize.com/users/analyst_7623901
"MTCH Q4 2018 Feb 6, 2019 17 / 62 -4 14 10",https://www.estimize.com/users/analyst_7623901
"NEWR Q3 2019 Feb 6, 2019 35 / 37 -10 -8 -18",https://www.estimize.com/users/analyst_7623901
"EA Q3 2019 Feb 5, 2019 103 / 115 -25 -9 -34",https://www.estimize.com/users/analyst_7623901
"PAYC Q4 2018 Feb 5, 2019 25 / 33 14 -4 10",https://www.estimize.com/users/analyst_7623901
"GOOGL Q4 2018 Feb 4, 2019 199 / 374 7 11 18",https://www.estimize.com/users/analyst_7623901
"GLUU Q4 2018 Feb 4, 2019 2 / 22 9 19 28",https://www.estimize.com/users/analyst_7623901
"AMZN Q4 2018 Jan 31, 2019 272 / 538 20 -5 15",https://www.estimize.com/users/analyst_7623901
"MA Q4 2018 Jan 31, 2019 81 / 109 -2 -5 -7",https://www.estimize.com/users/analyst_7623901
"MSFT Q2 2019 Jan 30, 2019 40 / 389 25 -1 24",https://www.estimize.com/users/analyst_7623901
"PYPL Q4 2018 Jan 30, 2019 51 / 132 -9 21 12",https://www.estimize.com/users/analyst_7623901
"META Q4 2018 Jan 30, 2019 163 / 479 9 11 20",https://www.estimize.com/users/analyst_7623901
"TSLA Q4 2018 Jan 30, 2019 454 / 579 -6 -5 -11",https://www.estimize.com/users/analyst_7623901
"BABA Q3 2019 Jan 30, 2019 184 / 222 -3 -14 -17",https://www.estimize.com/users/analyst_7623901
"EBAY Q4 2018 Jan 29, 2019 89 / 121 0 -5 -5",https://www.estimize.com/users/analyst_7623901
"AAPL Q1 2019 Jan 29, 2019 690 / 700 -25 -25 -50",https://www.estimize.com/users/analyst_7623901
"SBUX Q1 2019 Jan 24, 2019 126 / 160 9 -5 4",https://www.estimize.com/users/analyst_7623901
"MMYT Q3 2019 Jan 24, 2019 8 / 8 -25 12 -13",https://www.estimize.com/users/analyst_7623901
"ROL Q4 2018 Jan 23, 2019 5 / 8 -2 -5 -7",https://www.estimize.com/users/analyst_7623901
"IBKR Q4 2018 Jan 22, 2019 4 / 33 25 -4 21",https://www.estimize.com/users/analyst_7623901
"IBM Q4 2018 Jan 22, 2019 76 / 176 21 -6 15",https://www.estimize.com/users/analyst_7623901
"SLB Q4 2018 Jan 18, 2019 59 / 68 -10 -14 -24",https://www.estimize.com/users/analyst_7623901
"MU Q1 2019 Dec 18, 2018 47 / 320 23 -2 21",https://www.estimize.com/users/analyst_7623901
"DOCU Q3 2019 Dec 6, 2018 82 / 92 -5 -6 -11",https://www.estimize.com/users/analyst_7623901
"MOMO Q3 2018 Dec 5, 2018 20 / 55 -2 -1 -3",https://www.estimize.com/users/analyst_7623901
"MDB Q3 2019 Dec 4, 2018 20 / 28 7 7 14",https://www.estimize.com/users/analyst_7623901
"PANW Q1 2019 Nov 29, 2018 69 / 92 6 7 13",https://www.estimize.com/users/analyst_7623901
"WDAY Q3 2019 Nov 29, 2018 61 / 82 5 8 13",https://www.estimize.com/users/analyst_7623901
"SINA Q3 2018 Nov 28, 2018 19 / 21 0 -1 -1",https://www.estimize.com/users/analyst_7623901
"WB Q3 2018 Nov 28, 2018 30 / 53 -2 -3 -5",https://www.estimize.com/users/analyst_7623901
"KLIC Q4 2018 Nov 19, 2018 3 / 15 -7 25 18",https://www.estimize.com/users/analyst_7623901
"JD Q3 2018 Nov 19, 2018 4 / 83 17 17 34",https://www.estimize.com/users/analyst_7623901
"CSCO Q1 2019 Nov 14, 2018 119 / 169 10 -3 7",https://www.estimize.com/users/analyst_7623901
"WIX Q3 2018 Nov 13, 2018 20 / 42 11 7 18",https://www.estimize.com/users/analyst_7623901
"YY Q3 2018 Nov 12, 2018 34 / 55 -1 -3 -4",https://www.estimize.com/users/analyst_7623901
"ATVI Q3 2018 Nov 8, 2018 6 / 148 21 22 43",https://www.estimize.com/users/analyst_7623901
"TTD Q3 2018 Nov 8, 2018 34 / 73 8 16 24",https://www.estimize.com/users/analyst_7623901
"HUBS Q3 2018 Nov 7, 2018 30 / 35 -4 -5 -9",https://www.estimize.com/users/analyst_7623901
"TRIP Q3 2018 Nov 7, 2018 45 / 53 -3 -4 -7",https://www.estimize.com/users/analyst_7623901
"AYX Q3 2018 Nov 7, 2018 18 / 24 -4 8 4",https://www.estimize.com/users/analyst_7623901
"GLUU Q3 2018 Nov 6, 2018 21 / 21 -4 -3 -7",https://www.estimize.com/users/analyst_7623901
"MTCH Q3 2018 Nov 6, 2018 54 / 65 -6 -4 -10",https://www.estimize.com/users/analyst_7623901
"TWLO Q3 2018 Nov 6, 2018 72 / 85 -5 -4 -9",https://www.estimize.com/users/analyst_7623901
"NEWR Q2 2019 Nov 6, 2018 24 / 42 9 8 17",https://www.estimize.com/users/analyst_7623901
"GOGO Q3 2018 Nov 6, 2018 26 / 28 7 -11 -4",https://www.estimize.com/users/analyst_7623901
"BKNG Q3 2018 Nov 5, 2018 19 / 101 -2 20 18",https://www.estimize.com/users/analyst_7623901
"BABA Q2 2019 Nov 2, 2018 172 / 230 7 -2 5",https://www.estimize.com/users/analyst_7623901
"AAPL Q4 2018 Nov 1, 2018 426 / 709 12 -2 10",https://www.estimize.com/users/analyst_7623901
"MELI Q3 2018 Nov 1, 2018 3 / 33 -3 23 20",https://www.estimize.com/users/analyst_7623901
"SBUX Q4 2018 Nov 1, 2018 108 / 140 -7 10 3",https://www.estimize.com/users/analyst_7623901
"ANET Q3 2018 Nov 1, 2018 56 / 89 8 10 18",https://www.estimize.com/users/analyst_7623901
"SSYS Q3 2018 Nov 1, 2018 9 / 23 -6 24 18",https://www.estimize.com/users/analyst_7623901
"BLDP Q3 2018 Oct 31, 2018 4 / 15 13 -3 10",https://www.estimize.com/users/analyst_7623901
"EBAY Q3 2018 Oct 30, 2018 77 / 150 13 -2 11",https://www.estimize.com/users/analyst_7623901
"BIDU Q3 2018 Oct 30, 2018 93 / 145 -4 -1 -5",https://www.estimize.com/users/analyst_7623901
"OSPN Q3 2018 Oct 30, 2018 3 / 7 15 -3 12",https://www.estimize.com/users/analyst_7623901
"EA Q2 2019 Oct 30, 2018 102 / 118 7 -4 3",https://www.estimize.com/users/analyst_7623901
"META Q3 2018 Oct 30, 2018 472 / 703 6 -1 5",https://www.estimize.com/users/analyst_7623901
"DDD Q3 2018 Oct 30, 2018 39 / 69 -1 -3 -4",https://www.estimize.com/users/analyst_7623901
"PAYC Q3 2018 Oct 30, 2018 3 / 35 25 -4 21",https://www.estimize.com/users/analyst_7623901
"MA Q3 2018 Oct 30, 2018 103 / 115 -6 -5 -11",https://www.estimize.com/users/analyst_7623901
"CGNX Q3 2018 Oct 29, 2018 6 / 18 15 14 29",https://www.estimize.com/users/analyst_7623901
"YNDX Q3 2018 Oct 29, 2018 4 / 12 14 9 23",https://www.estimize.com/users/analyst_7623901
"AMZN Q3 2018 Oct 25, 2018 398 / 530 -4 -1 -5",https://www.estimize.com/users/analyst_7623901
"GOOGL Q3 2018 Oct 25, 2018 105 / 379 -4 17 13",https://www.estimize.com/users/analyst_7623901
"SHOP Q3 2018 Oct 25, 2018 50 / 78 3 9 12",https://www.estimize.com/users/analyst_7623901
"MSFT Q1 2019 Oct 24, 2018 226 / 379 8 10 18",https://www.estimize.com/users/analyst_7623901
"TSLA Q3 2018 Oct 24, 2018 110 / 511 9 15 24",https://www.estimize.com/users/analyst_7623901
"ROL Q3 2018 Oct 24, 2018 3 / 7 -4 16 12",https://www.estimize.com/users/analyst_7623901
"SLB Q3 2018 Oct 19, 2018 1 / 68 25 17 42",https://www.estimize.com/users/analyst_7623901
"PYPL Q3 2018 Oct 18, 2018 108 / 178 -7 16 9",https://www.estimize.com/users/analyst_7623901
"IBKR Q3 2018 Oct 16, 2018 10 / 35 18 -3 15",https://www.estimize.com/users/analyst_7623901
"IBM Q3 2018 Oct 16, 2018 5 / 166 19 13 32",https://www.estimize.com/users/analyst_7623901
"GOOGL Q3 2017 Oct 26, 2017 120 / 378 8 13 21",https://www.estimize.com/users/analyst_7623901
