0,URL
"ISRG Q4 2019 Jan 23, 2020 48 / 50 -5 -7 -12",https://www.estimize.com/users/analyst_1316777
"WORK Q3 2020 Dec 4, 2019 21 / 51 9 10 19",https://www.estimize.com/users/analyst_1316777
"ZG Q3 2019 Nov 7, 2019 3 / 44 11 21 32",https://www.estimize.com/users/analyst_1316777
"ROKU Q3 2019 Nov 6, 2019 30 / 135 10 22 32",https://www.estimize.com/users/analyst_1316777
"AMZN Q3 2019 Oct 24, 2019 377 / 393 -3 -25 -28",https://www.estimize.com/users/analyst_1316777
"MSFT Q1 2020 Oct 23, 2019 12 / 303 18 23 41",https://www.estimize.com/users/analyst_1316777
