0,URL
"DE Q4 2022 Nov 23, 2022 15 / 19 -6 9 3",https://www.estimize.com/users/analyst_7399367
"JWN Q3 2022 Nov 22, 2022 3 / 8 -1 13 12",https://www.estimize.com/users/analyst_7399367
"HPQ Q4 2022 Nov 22, 2022 22 / 25 -2 -5 -7",https://www.estimize.com/users/analyst_7399367
"GES Q3 2023 Nov 22, 2022 5 / 7 -4 8 4",https://www.estimize.com/users/analyst_7399367
"BIDU Q3 2022 Nov 22, 2022 31 / 41 10 -7 3",https://www.estimize.com/users/analyst_7399367
"ADI Q4 2022 Nov 22, 2022 9 / 13 8 8 16",https://www.estimize.com/users/analyst_7399367
"BBY Q3 2023 Nov 22, 2022 1 / 11 17 25 42",https://www.estimize.com/users/analyst_7399367
"BURL Q3 2022 Nov 22, 2022 5 / 8 -3 -1 -4",https://www.estimize.com/users/analyst_7399367
"DELL Q3 2023 Nov 21, 2022 1 / 13 11 18 29",https://www.estimize.com/users/analyst_7399367
"ZM Q3 2023 Nov 21, 2022 21 / 37 11 -3 8",https://www.estimize.com/users/analyst_7399367
"JD Q3 2022 Nov 18, 2022 2 / 19 16 -3 13",https://www.estimize.com/users/analyst_7399367
"M Q3 2022 Nov 17, 2022 10 / 22 13 -2 11",https://www.estimize.com/users/analyst_7399367
"CSCO Q1 2023 Nov 16, 2022 11 / 53 13 11 24",https://www.estimize.com/users/analyst_7399367
"AKAM Q3 2022 Nov 8, 2022 5 / 17 17 16 33",https://www.estimize.com/users/analyst_7399367
"NLOK Q2 2023 Nov 8, 2022 2 / 4 -5 11 6",https://www.estimize.com/users/analyst_7399367
"DIS Q4 2022 Nov 8, 2022 30 / 67 -3 -3 -6",https://www.estimize.com/users/analyst_7399367
"PLUG Q3 2022 Nov 8, 2022 4 / 13 17 -3 14",https://www.estimize.com/users/analyst_7399367
"ATVI Q3 2022 Nov 7, 2022 4 / 32 12 15 27",https://www.estimize.com/users/analyst_7399367
"SEDG Q3 2022 Nov 7, 2022 2 / 33 10 21 31",https://www.estimize.com/users/analyst_7399367
"PACB Q3 2022 Nov 7, 2022 6 / 9 -4 -2 -6",https://www.estimize.com/users/analyst_7399367
"LYFT Q3 2022 Nov 7, 2022 21 / 25 -4 -6 -10",https://www.estimize.com/users/analyst_7399367
"VRM Q3 2022 Nov 7, 2022 3 / 4 -4 -2 -6",https://www.estimize.com/users/analyst_7399367
"WU Q3 2022 Nov 1, 2022 6 / 7 -3 -1 -4",https://www.estimize.com/users/analyst_7399367
"INTC Q3 2022 Oct 27, 2022 45 / 99 11 -2 9",https://www.estimize.com/users/analyst_7399367
"FSLR Q3 2022 Oct 27, 2022 23 / 27 -6 -4 -10",https://www.estimize.com/users/analyst_7399367
"ZEN Q3 2022 Oct 27, 2022 4 / 10 13 -2 11",https://www.estimize.com/users/analyst_7399367
"X Q3 2022 Oct 27, 2022 7 / 11 -5 20 15",https://www.estimize.com/users/analyst_7399367
"PINS Q3 2022 Oct 27, 2022 2 / 21 22 23 45",https://www.estimize.com/users/analyst_7399367
"TXN Q3 2022 Oct 25, 2022 14 / 40 17 15 32",https://www.estimize.com/users/analyst_7399367
"SPOT Q3 2022 Oct 25, 2022 11 / 27 -3 14 11",https://www.estimize.com/users/analyst_7399367
"V Q4 2022 Oct 25, 2022 20 / 62 12 13 25",https://www.estimize.com/users/analyst_7399367
"COUP Q2 2023 Sep 6, 2022 11 / 17 8 10 18",https://www.estimize.com/users/analyst_7399367
"URBN Q2 2023 Aug 23, 2022 7 / 9 -4 -2 -6",https://www.estimize.com/users/analyst_7399367
"INTC Q2 2022 Jul 28, 2022 39 / 82 -3 -3 -6",https://www.estimize.com/users/analyst_7399367
"ZEN Q2 2022 Jul 28, 2022 4 / 8 -2 14 12",https://www.estimize.com/users/analyst_7399367
"X Q2 2022 Jul 28, 2022 2 / 11 21 11 32",https://www.estimize.com/users/analyst_7399367
"TXN Q2 2022 Jul 26, 2022 7 / 49 13 11 24",https://www.estimize.com/users/analyst_7399367
"MSFT Q4 2022 Jul 26, 2022 84 / 159 -3 -3 -6",https://www.estimize.com/users/analyst_7399367
"JNPR Q2 2022 Jul 26, 2022 13 / 18 -3 10 7",https://www.estimize.com/users/analyst_7399367
"GOOGL Q2 2022 Jul 26, 2022 89 / 184 -3 -2 -5",https://www.estimize.com/users/analyst_7399367
"ENPH Q2 2022 Jul 26, 2022 8 / 29 11 14 25",https://www.estimize.com/users/analyst_7399367
"GS Q2 2022 Jul 18, 2022 2 / 30 23 17 40",https://www.estimize.com/users/analyst_7399367
"BAC Q2 2022 Jul 18, 2022 33 / 47 -4 -5 -9",https://www.estimize.com/users/analyst_7399367
"WFC Q2 2022 Jul 15, 2022 19 / 27 -4 -4 -8",https://www.estimize.com/users/analyst_7399367
"USB Q2 2022 Jul 15, 2022 11 / 13 -5 5 0",https://www.estimize.com/users/analyst_7399367
"C Q2 2022 Jul 15, 2022 6 / 34 11 13 24",https://www.estimize.com/users/analyst_7399367
"MS Q2 2022 Jul 14, 2022 11 / 29 -3 -2 -5",https://www.estimize.com/users/analyst_7399367
"STZ Q1 2023 Jun 30, 2022 4 / 10 13 10 23",https://www.estimize.com/users/analyst_7399367
"WBA Q3 2022 Jun 30, 2022 8 / 13 -3 13 10",https://www.estimize.com/users/analyst_7399367
"FDX Q4 2022 Jun 23, 2022 18 / 26 -1 -5 -6",https://www.estimize.com/users/analyst_7399367
"KR Q1 2022 Jun 16, 2022 4 / 19 12 20 32",https://www.estimize.com/users/analyst_7399367
"CRWD Q1 2023 Jun 2, 2022 6 / 49 25 10 35",https://www.estimize.com/users/analyst_7399367
"ASAN Q1 2023 Jun 2, 2022 7 / 15 9 15 24",https://www.estimize.com/users/analyst_7399367
"MDB Q1 2023 Jun 1, 2022 10 / 25 10 14 24",https://www.estimize.com/users/analyst_7399367
"CHWY Q1 2022 Jun 1, 2022 3 / 12 8 24 32",https://www.estimize.com/users/analyst_7399367
"SONO Q2 2022 May 11, 2022 2 / 11 -1 11 10",https://www.estimize.com/users/analyst_7399367
"TWLO Q1 2022 May 4, 2022 11 / 29 9 -2 7",https://www.estimize.com/users/analyst_7399367
"AMD Q1 2022 May 3, 2022 58 / 175 12 10 22",https://www.estimize.com/users/analyst_7399367
"CHGG Q1 2022 May 2, 2022 2 / 6 15 -5 10",https://www.estimize.com/users/analyst_7399367
"EXPE Q1 2022 May 2, 2022 6 / 13 -2 -3 -5",https://www.estimize.com/users/analyst_7399367
"FSLR Q1 2022 Apr 28, 2022 15 / 27 -3 -4 -7",https://www.estimize.com/users/analyst_7399367
"ROKU Q1 2022 Apr 28, 2022 13 / 40 -5 18 13",https://www.estimize.com/users/analyst_7399367
"LVS Q1 2022 Apr 27, 2022 12 / 16 -2 -2 -4",https://www.estimize.com/users/analyst_7399367
"QCOM Q2 2022 Apr 27, 2022 28 / 67 14 14 28",https://www.estimize.com/users/analyst_7399367
"JNPR Q1 2022 Apr 26, 2022 14 / 20 -4 -3 -7",https://www.estimize.com/users/analyst_7399367
"AXP Q1 2022 Apr 22, 2022 19 / 25 11 -7 4",https://www.estimize.com/users/analyst_7399367
"DHR Q1 2022 Apr 21, 2022 1 / 10 17 25 42",https://www.estimize.com/users/analyst_7399367
"ALK Q1 2022 Apr 21, 2022 2 / 16 12 25 37",https://www.estimize.com/users/analyst_7399367
"ABT Q1 2022 Apr 20, 2022 8 / 26 13 10 23",https://www.estimize.com/users/analyst_7399367
"IBM Q1 2022 Apr 19, 2022 24 / 70 -2 18 16",https://www.estimize.com/users/analyst_7399367
"NFLX Q1 2022 Apr 19, 2022 65 / 121 10 -3 7",https://www.estimize.com/users/analyst_7399367
"BK Q1 2022 Apr 18, 2022 8 / 12 -2 -3 -5",https://www.estimize.com/users/analyst_7399367
"BAC Q1 2022 Apr 18, 2022 42 / 53 10 -3 7",https://www.estimize.com/users/analyst_7399367
"GS Q1 2022 Apr 14, 2022 17 / 44 10 15 25",https://www.estimize.com/users/analyst_7399367
"UNH Q1 2022 Apr 14, 2022 15 / 28 11 9 20",https://www.estimize.com/users/analyst_7399367
"JPM Q1 2022 Apr 13, 2022 42 / 61 -3 -3 -6",https://www.estimize.com/users/analyst_7399367
"BLK Q1 2022 Apr 13, 2022 5 / 18 11 -1 10",https://www.estimize.com/users/analyst_7399367
"CAG Q3 2022 Apr 7, 2022 6 / 14 -1 12 11",https://www.estimize.com/users/analyst_7399367
"STZ Q4 2022 Apr 7, 2022 8 / 19 10 13 23",https://www.estimize.com/users/analyst_7399367
"LW Q3 2022 Apr 7, 2022 1 / 3 12 -5 7",https://www.estimize.com/users/analyst_7399367
"LEVI Q1 2022 Apr 6, 2022 3 / 14 14 15 29",https://www.estimize.com/users/analyst_7399367
"WBA Q2 2022 Mar 31, 2022 4 / 18 12 19 31",https://www.estimize.com/users/analyst_7399367
"PATH Q4 2022 Mar 30, 2022 6 / 14 13 12 25",https://www.estimize.com/users/analyst_7399367
"FIVE Q4 2021 Mar 30, 2022 10 / 13 -4 -3 -7",https://www.estimize.com/users/analyst_7399367
"LULU Q4 2021 Mar 29, 2022 4 / 52 23 -1 22",https://www.estimize.com/users/analyst_7399367
"MU Q2 2022 Mar 29, 2022 27 / 82 13 14 27",https://www.estimize.com/users/analyst_7399367
"RH Q4 2021 Mar 29, 2022 12 / 18 -3 -4 -7",https://www.estimize.com/users/analyst_7399367
"ADBE Q1 2022 Mar 22, 2022 19 / 82 17 22 39",https://www.estimize.com/users/analyst_7399367
"HUYA Q4 2021 Mar 22, 2022 6 / 9 24 17 41",https://www.estimize.com/users/analyst_7399367
"FDX Q3 2022 Mar 17, 2022 26 / 32 -9 -7 -16",https://www.estimize.com/users/analyst_7399367
"DG Q4 2021 Mar 17, 2022 10 / 14 -2 -3 -5",https://www.estimize.com/users/analyst_7399367
"LEN Q1 2022 Mar 16, 2022 9 / 13 -4 -4 -8",https://www.estimize.com/users/analyst_7399367
"YY Q4 2021 Mar 15, 2022 2 / 9 10 -1 9",https://www.estimize.com/users/analyst_7399367
"COUP Q4 2022 Mar 14, 2022 6 / 25 16 15 31",https://www.estimize.com/users/analyst_7399367
"ORCL Q3 2022 Mar 10, 2022 26 / 45 -4 -3 -7",https://www.estimize.com/users/analyst_7399367
"CRWD Q4 2022 Mar 9, 2022 29 / 61 11 11 22",https://www.estimize.com/users/analyst_7399367
"ASAN Q4 2022 Mar 9, 2022 3 / 24 17 14 31",https://www.estimize.com/users/analyst_7399367
"MDB Q4 2022 Mar 8, 2022 8 / 25 13 13 26",https://www.estimize.com/users/analyst_7399367
"DM Q4 2021 Mar 8, 2022 2 / 5 -4 13 9",https://www.estimize.com/users/analyst_7399367
"SWBI Q3 2022 Mar 3, 2022 5 / 13 -2 -2 -4",https://www.estimize.com/users/analyst_7399367
"BIG Q4 2021 Mar 3, 2022 5 / 8 -5 -2 -7",https://www.estimize.com/users/analyst_7399367
"FRPT Q4 2021 Feb 28, 2022 4 / 5 -2 -1 -3",https://www.estimize.com/users/analyst_7399367
"VMW Q4 2022 Feb 24, 2022 12 / 21 12 -3 9",https://www.estimize.com/users/analyst_7399367
"DELL Q4 2022 Feb 24, 2022 4 / 11 -3 21 18",https://www.estimize.com/users/analyst_7399367
"BABA Q3 2022 Feb 24, 2022 25 / 150 23 -1 22",https://www.estimize.com/users/analyst_7399367
"W Q4 2021 Feb 24, 2022 7 / 11 -2 -1 -3",https://www.estimize.com/users/analyst_7399367
"TDOC Q4 2021 Feb 22, 2022 6 / 33 10 19 29",https://www.estimize.com/users/analyst_7399367
"ENOV Q4 2021 Feb 22, 2022 2 / 8 25 21 46",https://www.estimize.com/users/analyst_7399367
"QDEL Q4 2021 Feb 17, 2022 2 / 12 13 19 32",https://www.estimize.com/users/analyst_7399367
"AMAT Q1 2022 Feb 16, 2022 21 / 55 -1 21 20",https://www.estimize.com/users/analyst_7399367
"NVDA Q4 2022 Feb 16, 2022 45 / 209 10 22 32",https://www.estimize.com/users/analyst_7399367
"FSLY Q4 2021 Feb 16, 2022 8 / 18 10 11 21",https://www.estimize.com/users/analyst_7399367
"GOLD Q4 2021 Feb 16, 2022 8 / 13 8 10 18",https://www.estimize.com/users/analyst_7399367
"HUN Q4 2021 Feb 15, 2022 2 / 12 21 16 37",https://www.estimize.com/users/analyst_7399367
"TWTR Q4 2021 Feb 10, 2022 16 / 90 -2 23 21",https://www.estimize.com/users/analyst_7399367
"IRBT Q4 2021 Feb 9, 2022 8 / 11 -4 -5 -9",https://www.estimize.com/users/analyst_7399367
"LUMN Q4 2021 Feb 9, 2022 19 / 23 -3 -3 -6",https://www.estimize.com/users/analyst_7399367
"MGM Q4 2021 Feb 9, 2022 7 / 24 15 10 25",https://www.estimize.com/users/analyst_7399367
"CVS Q4 2021 Feb 9, 2022 1 / 30 17 19 36",https://www.estimize.com/users/analyst_7399367
"CGC Q3 2022 Feb 9, 2022 8 / 9 -6 -10 -16",https://www.estimize.com/users/analyst_7399367
"LYFT Q4 2021 Feb 8, 2022 3 / 36 19 15 34",https://www.estimize.com/users/analyst_7399367
"APPS Q3 2022 Feb 8, 2022 10 / 23 11 10 21",https://www.estimize.com/users/analyst_7399367
"PFE Q4 2021 Feb 8, 2022 20 / 49 11 -2 9",https://www.estimize.com/users/analyst_7399367
"CHGG Q4 2021 Feb 7, 2022 4 / 11 16 10 26",https://www.estimize.com/users/analyst_7399367
"ON Q4 2021 Feb 7, 2022 15 / 25 9 9 18",https://www.estimize.com/users/analyst_7399367
"TSN Q1 2022 Feb 7, 2022 8 / 32 10 12 22",https://www.estimize.com/users/analyst_7399367
"AMZN Q4 2021 Feb 3, 2022 220 / 260 -4 -1 -5",https://www.estimize.com/users/analyst_7399367
"EA Q3 2022 Feb 1, 2022 21 / 31 -2 -3 -5",https://www.estimize.com/users/analyst_7399367
"CL Q4 2021 Jan 28, 2022 3 / 8 -1 -1 -2",https://www.estimize.com/users/analyst_7399367
"HAL Q4 2021 Jan 24, 2022 18 / 23 -5 -4 -9",https://www.estimize.com/users/analyst_7399367
"NFLX Q4 2021 Jan 20, 2022 10 / 146 17 -1 16",https://www.estimize.com/users/analyst_7399367
"BKR Q4 2021 Jan 20, 2022 2 / 8 25 -4 21",https://www.estimize.com/users/analyst_7399367
"UAL Q4 2021 Jan 19, 2022 10 / 31 15 15 30",https://www.estimize.com/users/analyst_7399367
"C Q4 2021 Jan 14, 2022 33 / 45 -4 -4 -8",https://www.estimize.com/users/analyst_7399367
"JPM Q4 2021 Jan 14, 2022 8 / 81 22 -3 19",https://www.estimize.com/users/analyst_7399367
"WFC Q4 2021 Jan 14, 2022 21 / 36 10 9 19",https://www.estimize.com/users/analyst_7399367
"TSM Q4 2021 Jan 13, 2022 9 / 38 12 20 32",https://www.estimize.com/users/analyst_7399367
"BBBY Q3 2021 Jan 6, 2022 1 / 16 15 15 30",https://www.estimize.com/users/analyst_7399367
"RAD Q3 2022 Dec 21, 2021 8 / 14 10 10 20",https://www.estimize.com/users/analyst_7399367
"NKE Q2 2022 Dec 20, 2021 46 / 62 7 -3 4",https://www.estimize.com/users/analyst_7399367
"MU Q1 2022 Dec 20, 2021 51 / 74 -4 -2 -6",https://www.estimize.com/users/analyst_7399367
"FDX Q2 2022 Dec 16, 2021 30 / 34 -5 -4 -9",https://www.estimize.com/users/analyst_7399367
"ADBE Q4 2021 Dec 16, 2021 20 / 92 -1 19 18",https://www.estimize.com/users/analyst_7399367
"LEN Q4 2021 Dec 15, 2021 4 / 22 -3 16 13",https://www.estimize.com/users/analyst_7399367
"PDD Q3 2021 Nov 26, 2021 11 / 16 -3 -4 -7",https://www.estimize.com/users/analyst_7399367
"FUTU Q3 2021 Nov 24, 2021 4 / 12 9 -1 8",https://www.estimize.com/users/analyst_7399367
"VMW Q3 2022 Nov 23, 2021 7 / 31 14 13 27",https://www.estimize.com/users/analyst_7399367
"MDT Q2 2022 Nov 23, 2021 14 / 15 -3 -4 -7",https://www.estimize.com/users/analyst_7399367
"FTCH Q3 2021 Nov 18, 2021 2 / 10 18 19 37",https://www.estimize.com/users/analyst_7399367
"BABA Q2 2022 Nov 18, 2021 3 / 161 -3 25 22",https://www.estimize.com/users/analyst_7399367
"NVDA Q3 2022 Nov 17, 2021 89 / 212 14 11 25",https://www.estimize.com/users/analyst_7399367
"CSCO Q1 2022 Nov 17, 2021 32 / 65 16 -3 13",https://www.estimize.com/users/analyst_7399367
"WMT Q3 2022 Nov 16, 2021 17 / 54 13 13 26",https://www.estimize.com/users/analyst_7399367
"HD Q3 2021 Nov 16, 2021 31 / 49 8 9 17",https://www.estimize.com/users/analyst_7399367
"BYND Q3 2021 Nov 10, 2021 19 / 30 -3 -6 -9",https://www.estimize.com/users/analyst_7399367
"KGC Q3 2021 Nov 10, 2021 4 / 7 16 -3 13",https://www.estimize.com/users/analyst_7399367
"DIS Q4 2021 Nov 10, 2021 59 / 96 -4 -2 -6",https://www.estimize.com/users/analyst_7399367
"ACB Q1 2022 Nov 9, 2021 4 / 5 10 -3 7",https://www.estimize.com/users/analyst_7399367
"DASH Q3 2021 Nov 9, 2021 10 / 21 -4 24 20",https://www.estimize.com/users/analyst_7399367
"REAL Q3 2021 Nov 8, 2021 7 / 7 -6 -7 -13",https://www.estimize.com/users/analyst_7399367
"RBLX Q3 2021 Nov 8, 2021 17 / 28 11 -5 6",https://www.estimize.com/users/analyst_7399367
"CGC Q2 2022 Nov 5, 2021 9 / 13 -4 -3 -7",https://www.estimize.com/users/analyst_7399367
"GRPN Q3 2021 Nov 4, 2021 7 / 10 10 -5 5",https://www.estimize.com/users/analyst_7399367
"MCHP Q2 2022 Nov 4, 2021 4 / 14 19 -1 18",https://www.estimize.com/users/analyst_7399367
"GOLD Q3 2021 Nov 4, 2021 6 / 21 -1 -2 -3",https://www.estimize.com/users/analyst_7399367
"EA Q2 2022 Nov 3, 2021 7 / 28 -3 18 15",https://www.estimize.com/users/analyst_7399367
"ETSY Q3 2021 Nov 3, 2021 29 / 35 -3 -6 -9",https://www.estimize.com/users/analyst_7399367
"ROKU Q3 2021 Nov 3, 2021 20 / 68 14 -4 10",https://www.estimize.com/users/analyst_7399367
"BGFV Q3 2021 Nov 2, 2021 8 / 14 -4 -3 -7",https://www.estimize.com/users/analyst_7399367
"PFE Q3 2021 Nov 2, 2021 8 / 42 11 15 26",https://www.estimize.com/users/analyst_7399367
"CLX Q1 2022 Nov 1, 2021 1 / 11 24 12 36",https://www.estimize.com/users/analyst_7399367
"NXPI Q3 2021 Nov 1, 2021 28 / 31 -12 -1 -13",https://www.estimize.com/users/analyst_7399367
"CCJ Q3 2021 Oct 29, 2021 7 / 8 -3 -4 -7",https://www.estimize.com/users/analyst_7399367
"X Q3 2021 Oct 28, 2021 1 / 15 16 22 38",https://www.estimize.com/users/analyst_7399367
"CAT Q3 2021 Oct 28, 2021 20 / 27 10 -4 6",https://www.estimize.com/users/analyst_7399367
"TDOC Q3 2021 Oct 27, 2021 7 / 35 16 16 32",https://www.estimize.com/users/analyst_7399367
"KO Q3 2021 Oct 27, 2021 8 / 33 9 22 31",https://www.estimize.com/users/analyst_7399367
"MCD Q3 2021 Oct 27, 2021 1 / 36 11 24 35",https://www.estimize.com/users/analyst_7399367
"HOG Q3 2021 Oct 27, 2021 15 / 15 -6 -7 -13",https://www.estimize.com/users/analyst_7399367
"SPOT Q3 2021 Oct 27, 2021 4 / 25 11 12 23",https://www.estimize.com/users/analyst_7399367
"KHC Q3 2021 Oct 27, 2021 2 / 9 21 11 32",https://www.estimize.com/users/analyst_7399367
"TXN Q3 2021 Oct 26, 2021 17 / 38 -2 -3 -5",https://www.estimize.com/users/analyst_7399367
"AMD Q3 2021 Oct 26, 2021 60 / 179 18 14 32",https://www.estimize.com/users/analyst_7399367
"MMM Q3 2021 Oct 26, 2021 6 / 20 8 19 27",https://www.estimize.com/users/analyst_7399367
"CLF Q3 2021 Oct 22, 2021 10 / 23 18 11 29",https://www.estimize.com/users/analyst_7399367
"FCX Q3 2021 Oct 21, 2021 1 / 17 -5 23 18",https://www.estimize.com/users/analyst_7399367
"TSLA Q3 2021 Oct 20, 2021 32 / 302 14 18 32",https://www.estimize.com/users/analyst_7399367
"NFLX Q3 2021 Oct 19, 2021 38 / 144 10 -2 8",https://www.estimize.com/users/analyst_7399367
"JNJ Q3 2021 Oct 19, 2021 11 / 40 13 -4 9",https://www.estimize.com/users/analyst_7399367
"PG Q1 2022 Oct 19, 2021 9 / 27 17 11 28",https://www.estimize.com/users/analyst_7399367
"AA Q3 2021 Oct 14, 2021 17 / 21 -4 -4 -8",https://www.estimize.com/users/analyst_7399367
"TSM Q3 2021 Oct 14, 2021 23 / 44 23 -3 20",https://www.estimize.com/users/analyst_7399367
"WFC Q3 2021 Oct 14, 2021 9 / 26 -5 21 16",https://www.estimize.com/users/analyst_7399367
"BAC Q3 2021 Oct 14, 2021 3 / 53 22 12 34",https://www.estimize.com/users/analyst_7399367
"PEP Q3 2021 Oct 5, 2021 1 / 30 25 22 47",https://www.estimize.com/users/analyst_7399367
"BBBY Q2 2021 Sep 30, 2021 20 / 22 -4 -3 -7",https://www.estimize.com/users/analyst_7399367
"MU Q4 2021 Sep 28, 2021 29 / 88 19 -2 17",https://www.estimize.com/users/analyst_7399367
"RAD Q2 2022 Sep 23, 2021 11 / 16 15 -5 10",https://www.estimize.com/users/analyst_7399367
"KBH Q3 2021 Sep 22, 2021 9 / 12 -2 -4 -6",https://www.estimize.com/users/analyst_7399367
"SFIX Q4 2021 Sep 21, 2021 4 / 21 10 17 27",https://www.estimize.com/users/analyst_7399367
"ORCL Q1 2022 Sep 13, 2021 17 / 48 20 -7 13",https://www.estimize.com/users/analyst_7399367
"ABM Q3 2021 Sep 8, 2021 3 / 5 10 17 27",https://www.estimize.com/users/analyst_7399367
"AVAV Q1 2022 Sep 8, 2021 6 / 10 18 -6 12",https://www.estimize.com/users/analyst_7399367
"SAIC Q2 2022 Sep 2, 2021 1 / 4 12 21 33",https://www.estimize.com/users/analyst_7399367
"ANF Q2 2021 Aug 26, 2021 1 / 7 14 -4 10",https://www.estimize.com/users/analyst_7399367
"SPLK Q2 2022 Aug 25, 2021 3 / 31 23 8 31",https://www.estimize.com/users/analyst_7399367
"BOX Q2 2022 Aug 25, 2021 3 / 13 25 7 32",https://www.estimize.com/users/analyst_7399367
"SNOW Q2 2022 Aug 25, 2021 7 / 42 25 13 38",https://www.estimize.com/users/analyst_7399367
"STLD Q2 2021 Jul 19, 2021 5 / 12 15 15 30",https://www.estimize.com/users/analyst_7399367
"MOS Q1 2021 May 3, 2021 8 / 9 -4 -12 -16",https://www.estimize.com/users/analyst_7399367
"MCD Q1 2021 Apr 29, 2021 2 / 42 15 25 40",https://www.estimize.com/users/analyst_7399367
"UMC Q1 2021 Apr 28, 2021 1 / 7 19 25 44",https://www.estimize.com/users/analyst_7399367
"AMD Q1 2021 Apr 27, 2021 55 / 239 16 16 32",https://www.estimize.com/users/analyst_7399367
"PINS Q1 2021 Apr 27, 2021 4 / 47 25 18 43",https://www.estimize.com/users/analyst_7399367
"ADM Q1 2021 Apr 27, 2021 4 / 11 12 10 22",https://www.estimize.com/users/analyst_7399367
"STX Q3 2021 Apr 22, 2021 6 / 15 9 24 33",https://www.estimize.com/users/analyst_7399367
"SLM Q1 2021 Apr 21, 2021 1 / 6 12 19 31",https://www.estimize.com/users/analyst_7399367
"TTC Q1 2021 Mar 4, 2021 1 / 5 19 24 43",https://www.estimize.com/users/analyst_7399367
"BJ Q4 2020 Mar 4, 2021 6 / 7 -2 -9 -11",https://www.estimize.com/users/analyst_7399367
"NIO Q4 2020 Mar 1, 2021 69 / 99 -3 -2 -5",https://www.estimize.com/users/analyst_7399367
"TRIP Q4 2020 Feb 18, 2021 4 / 18 -4 16 12",https://www.estimize.com/users/analyst_7399367
"EXPE Q4 2020 Feb 11, 2021 18 / 24 -2 -2 -4",https://www.estimize.com/users/analyst_7399367
"TWTR Q4 2020 Feb 9, 2021 52 / 125 9 12 21",https://www.estimize.com/users/analyst_7399367
"HBI Q4 2020 Feb 9, 2021 4 / 5 18 -4 14",https://www.estimize.com/users/analyst_7399367
"IT Q4 2020 Feb 9, 2021 6 / 13 8 16 24",https://www.estimize.com/users/analyst_7399367
"GT Q4 2020 Feb 9, 2021 17 / 18 -6 -9 -15",https://www.estimize.com/users/analyst_7399367
"CHGG Q4 2020 Feb 8, 2021 6 / 21 12 12 24",https://www.estimize.com/users/analyst_7399367
"FTNT Q4 2020 Feb 4, 2021 33 / 34 -8 -8 -16",https://www.estimize.com/users/analyst_7399367
"NOK Q4 2020 Feb 4, 2021 38 / 52 10 -5 5",https://www.estimize.com/users/analyst_7399367
"QCOM Q1 2021 Feb 3, 2021 58 / 83 -5 -2 -7",https://www.estimize.com/users/analyst_7399367
"ABBV Q4 2020 Feb 3, 2021 23 / 29 13 -3 10",https://www.estimize.com/users/analyst_7399367
"HOG Q4 2020 Feb 2, 2021 9 / 20 -3 -3 -6",https://www.estimize.com/users/analyst_7399367
"WDC Q2 2021 Jan 28, 2021 17 / 20 -6 -2 -8",https://www.estimize.com/users/analyst_7399367
"X Q4 2020 Jan 28, 2021 3 / 7 14 -5 9",https://www.estimize.com/users/analyst_7399367
"SWKS Q1 2021 Jan 28, 2021 38 / 41 -4 -4 -8",https://www.estimize.com/users/analyst_7399367
"MCD Q4 2020 Jan 28, 2021 36 / 47 -3 -5 -8",https://www.estimize.com/users/analyst_7399367
"XEL Q4 2020 Jan 28, 2021 3 / 3 -7 9 2",https://www.estimize.com/users/analyst_7399367
"MSFT Q2 2021 Jan 26, 2021 53 / 276 14 10 24",https://www.estimize.com/users/analyst_7399367
"WSM Q3 2020 Nov 19, 2020 4 / 18 11 10 21",https://www.estimize.com/users/analyst_7399367
"GOOGL Q3 2020 Oct 29, 2020 69 / 203 9 10 19",https://www.estimize.com/users/analyst_7399367
"AAPL Q4 2020 Oct 29, 2020 288 / 387 -5 -3 -8",https://www.estimize.com/users/analyst_7399367
"CCK Q3 2020 Oct 19, 2020 11 / 11 -4 -8 -12",https://www.estimize.com/users/analyst_7399367
"STMP Q2 2020 Aug 6, 2020 10 / 18 9 9 18",https://www.estimize.com/users/analyst_7399367
"WDC Q4 2020 Aug 5, 2020 10 / 35 -5 19 14",https://www.estimize.com/users/analyst_7399367
"W Q2 2020 Aug 5, 2020 34 / 49 -3 -3 -6",https://www.estimize.com/users/analyst_7399367
"PRU Q2 2020 Aug 4, 2020 10 / 11 -2 -7 -9",https://www.estimize.com/users/analyst_7399367
"ANET Q2 2020 Aug 4, 2020 38 / 45 9 -2 7",https://www.estimize.com/users/analyst_7399367
"MTCH Q2 2020 Aug 4, 2020 18 / 38 16 -3 13",https://www.estimize.com/users/analyst_7399367
"KLAC Q4 2020 Aug 3, 2020 9 / 16 9 10 19",https://www.estimize.com/users/analyst_7399367
"H Q2 2020 Aug 3, 2020 18 / 21 -4 -2 -6",https://www.estimize.com/users/analyst_7399367
"SEDG Q2 2020 Aug 3, 2020 40 / 46 -4 -3 -7",https://www.estimize.com/users/analyst_7399367
"META Q2 2020 Jul 30, 2020 271 / 302 -4 -4 -8",https://www.estimize.com/users/analyst_7399367
"SHOP Q2 2020 Jul 29, 2020 92 / 113 9 -4 5",https://www.estimize.com/users/analyst_7399367
"WING Q2 2020 Jul 29, 2020 18 / 28 -3 -3 -6",https://www.estimize.com/users/analyst_7399367
"AMD Q2 2020 Jul 28, 2020 65 / 267 17 11 28",https://www.estimize.com/users/analyst_7399367
"XRX Q2 2020 Jul 28, 2020 5 / 15 10 -2 8",https://www.estimize.com/users/analyst_7399367
"DHI Q3 2020 Jul 28, 2020 12 / 15 -4 -4 -8",https://www.estimize.com/users/analyst_7399367
"MO Q2 2020 Jul 28, 2020 24 / 32 -3 -2 -5",https://www.estimize.com/users/analyst_7399367
"HOG Q2 2020 Jul 28, 2020 25 / 28 11 -5 6",https://www.estimize.com/users/analyst_7399367
"AXP Q2 2020 Jul 24, 2020 7 / 34 20 -2 18",https://www.estimize.com/users/analyst_7399367
"MSFT Q4 2020 Jul 22, 2020 330 / 363 5 -6 -1",https://www.estimize.com/users/analyst_7399367
"CCK Q2 2020 Jul 20, 2020 8 / 9 -15 12 -3",https://www.estimize.com/users/analyst_7399367
"LOGI Q1 2021 Jul 20, 2020 6 / 34 9 11 20",https://www.estimize.com/users/analyst_7399367
"MAN Q2 2020 Jul 20, 2020 6 / 9 -6 15 9",https://www.estimize.com/users/analyst_7399367
"GBX Q3 2020 Jul 10, 2020 15 / 15 -4 -5 -9",https://www.estimize.com/users/analyst_7399367
"CPRI Q4 2020 Jul 1, 2020 14 / 27 -1 11 10",https://www.estimize.com/users/analyst_7399367
"FDX Q4 2020 Jun 30, 2020 23 / 46 10 7 17",https://www.estimize.com/users/analyst_7399367
"MEI Q4 2020 Jun 30, 2020 7 / 11 -5 -1 -6",https://www.estimize.com/users/analyst_7399367
"CAG Q4 2020 Jun 30, 2020 2 / 22 14 14 28",https://www.estimize.com/users/analyst_7399367
"MU Q3 2020 Jun 29, 2020 93 / 126 -4 -5 -9",https://www.estimize.com/users/analyst_7399367
"KMX Q1 2021 Jun 19, 2020 3 / 24 16 14 30",https://www.estimize.com/users/analyst_7399367
"CCL Q2 2020 Jun 18, 2020 48 / 54 -5 -11 -16",https://www.estimize.com/users/analyst_7399367
"APRN Q1 2020 Apr 29, 2020 10 / 14 -1 -2 -3",https://www.estimize.com/users/analyst_7399367
"KBH Q1 2020 Mar 26, 2020 2 / 13 12 10 22",https://www.estimize.com/users/analyst_7399367
"AIR Q3 2020 Mar 24, 2020 7 / 9 -3 -8 -11",https://www.estimize.com/users/analyst_7399367
"KEYS Q1 2020 Feb 24, 2020 5 / 20 15 15 30",https://www.estimize.com/users/analyst_7399367
"ZS Q2 2020 Feb 20, 2020 57 / 60 -6 -5 -11",https://www.estimize.com/users/analyst_7399367
"AKS Q4 2019 Feb 20, 2020 1 / 9 25 14 39",https://www.estimize.com/users/analyst_7399367
"TEN Q4 2019 Feb 20, 2020 4 / 24 -2 12 10",https://www.estimize.com/users/analyst_7399367
"SEDG Q4 2019 Feb 19, 2020 2 / 44 10 22 32",https://www.estimize.com/users/analyst_7399367
"GRPN Q4 2019 Feb 18, 2020 10 / 16 10 -4 6",https://www.estimize.com/users/analyst_7399367
"WMT Q4 2020 Feb 18, 2020 61 / 90 -3 -5 -8",https://www.estimize.com/users/analyst_7399367
"WYNN Q4 2019 Feb 6, 2020 2 / 53 10 15 25",https://www.estimize.com/users/analyst_7399367
"SKX Q4 2019 Feb 6, 2020 6 / 13 -3 10 7",https://www.estimize.com/users/analyst_7399367
"ATVI Q4 2019 Feb 6, 2020 36 / 89 25 -3 22",https://www.estimize.com/users/analyst_7399367
"ZEN Q4 2019 Feb 6, 2020 12 / 35 -5 17 12",https://www.estimize.com/users/analyst_7399367
"TTWO Q3 2020 Feb 6, 2020 46 / 54 -5 -3 -8",https://www.estimize.com/users/analyst_7399367
"TDC Q4 2019 Feb 6, 2020 10 / 10 -5 -4 -9",https://www.estimize.com/users/analyst_7399367
"PINS Q4 2019 Feb 6, 2020 58 / 60 -6 -7 -13",https://www.estimize.com/users/analyst_7399367
"UBER Q4 2019 Feb 6, 2020 42 / 99 -1 -1 -2",https://www.estimize.com/users/analyst_7399367
"DXC Q3 2020 Feb 6, 2020 11 / 12 -4 -4 -8",https://www.estimize.com/users/analyst_7399367
"CCMP Q1 2020 Feb 5, 2020 6 / 10 10 -4 6",https://www.estimize.com/users/analyst_7399367
"LNC Q4 2019 Feb 5, 2020 3 / 6 18 -4 14",https://www.estimize.com/users/analyst_7399367
"FOXA Q2 2020 Feb 5, 2020 8 / 35 13 17 30",https://www.estimize.com/users/analyst_7399367
"ORLY Q4 2019 Feb 5, 2020 14 / 22 -7 12 5",https://www.estimize.com/users/analyst_7399367
"IRBT Q4 2019 Feb 5, 2020 26 / 48 17 -3 14",https://www.estimize.com/users/analyst_7399367
"IAC Q4 2019 Feb 5, 2020 11 / 21 -2 -3 -5",https://www.estimize.com/users/analyst_7399367
"JTKWY Q4 2019 Feb 5, 2020 49 / 67 -1 -3 -4",https://www.estimize.com/users/analyst_7399367
"PAYC Q4 2019 Feb 5, 2020 1 / 41 14 23 37",https://www.estimize.com/users/analyst_7399367
"TWLO Q4 2019 Feb 5, 2020 32 / 79 14 9 23",https://www.estimize.com/users/analyst_7399367
"FMC Q4 2019 Feb 5, 2020 26 / 31 10 -7 3",https://www.estimize.com/users/analyst_7399367
"LHX Q4 2019 Feb 4, 2020 13 / 26 10 15 25",https://www.estimize.com/users/analyst_7399367
"RL Q3 2020 Feb 4, 2020 1 / 11 12 16 28",https://www.estimize.com/users/analyst_7399367
"COP Q4 2019 Feb 4, 2020 12 / 32 -7 21 14",https://www.estimize.com/users/analyst_7399367
"RACE Q4 2019 Feb 4, 2020 4 / 10 -2 9 7",https://www.estimize.com/users/analyst_7399367
"GOOGL Q4 2019 Feb 3, 2020 59 / 289 -4 15 11",https://www.estimize.com/users/analyst_7399367
"EZPW Q1 2020 Feb 3, 2020 6 / 7 -4 -4 -8",https://www.estimize.com/users/analyst_7399367
"FN Q2 2020 Feb 3, 2020 2 / 15 12 14 26",https://www.estimize.com/users/analyst_7399367
"NXPI Q4 2019 Feb 3, 2020 19 / 59 -3 18 15",https://www.estimize.com/users/analyst_7399367
"LEG Q4 2019 Feb 3, 2020 22 / 28 12 -4 8",https://www.estimize.com/users/analyst_7399367
"WHR Q4 2019 Jan 27, 2020 10 / 16 -4 12 8",https://www.estimize.com/users/analyst_7399367
"LRN Q2 2020 Jan 27, 2020 11 / 12 -9 -9 -18",https://www.estimize.com/users/analyst_7399367
"BRO Q4 2019 Jan 27, 2020 5 / 11 8 19 27",https://www.estimize.com/users/analyst_7399367
"JNPR Q4 2019 Jan 27, 2020 16 / 55 -2 12 10",https://www.estimize.com/users/analyst_7399367
"DHI Q1 2020 Jan 27, 2020 4 / 20 15 12 27",https://www.estimize.com/users/analyst_7399367
"HWM Q4 2019 Jan 27, 2020 14 / 36 -3 -3 -6",https://www.estimize.com/users/analyst_7399367
"TEAM Q2 2020 Jan 23, 2020 14 / 52 10 11 21",https://www.estimize.com/users/analyst_7399367
"ISRG Q4 2019 Jan 23, 2020 12 / 50 11 18 29",https://www.estimize.com/users/analyst_7399367
"INTC Q4 2019 Jan 23, 2020 45 / 200 10 11 21",https://www.estimize.com/users/analyst_7399367
"SWKS Q1 2020 Jan 23, 2020 44 / 77 13 15 28",https://www.estimize.com/users/analyst_7399367
"UAL Q4 2019 Jan 21, 2020 23 / 48 -2 -2 -4",https://www.estimize.com/users/analyst_7399367
"PETS Q3 2020 Jan 21, 2020 2 / 14 21 10 31",https://www.estimize.com/users/analyst_7399367
"KSU Q4 2019 Jan 17, 2020 14 / 16 -5 -5 -10",https://www.estimize.com/users/analyst_7399367
"FAST Q4 2019 Jan 17, 2020 1 / 24 25 17 42",https://www.estimize.com/users/analyst_7399367
"STT Q4 2019 Jan 17, 2020 4 / 17 10 10 20",https://www.estimize.com/users/analyst_7399367
"PRGS Q4 2019 Jan 16, 2020 14 / 21 11 8 19",https://www.estimize.com/users/analyst_7399367
"LNN Q1 2020 Jan 9, 2020 27 / 31 -4 -4 -8",https://www.estimize.com/users/analyst_7399367
"AZZ Q3 2020 Jan 9, 2020 1 / 15 0 13 13",https://www.estimize.com/users/analyst_7399367
"UNF Q1 2020 Jan 8, 2020 5 / 13 10 12 22",https://www.estimize.com/users/analyst_7399367
"STZ Q3 2020 Jan 8, 2020 35 / 40 7 -5 2",https://www.estimize.com/users/analyst_7399367
"SCHN Q1 2020 Jan 8, 2020 5 / 13 -5 10 5",https://www.estimize.com/users/analyst_7399367
"ANGO Q2 2020 Jan 7, 2020 6 / 11 -5 13 8",https://www.estimize.com/users/analyst_7399367
"RGP Q2 2020 Jan 2, 2020 14 / 15 8 -13 -5",https://www.estimize.com/users/analyst_7399367
"LNDC Q2 2020 Jan 2, 2020 14 / 17 -4 -10 -14",https://www.estimize.com/users/analyst_7399367
"KMX Q3 2020 Dec 20, 2019 2 / 21 -3 18 15",https://www.estimize.com/users/analyst_7399367
"SCHL Q2 2020 Dec 19, 2019 2 / 8 11 20 31",https://www.estimize.com/users/analyst_7399367
"AIR Q2 2020 Dec 19, 2019 3 / 15 17 12 29",https://www.estimize.com/users/analyst_7399367
"ABM Q4 2019 Dec 18, 2019 2 / 7 -5 16 11",https://www.estimize.com/users/analyst_7399367
"MLKN Q2 2020 Dec 18, 2019 3 / 13 0 12 12",https://www.estimize.com/users/analyst_7399367
"FDX Q2 2020 Dec 17, 2019 1 / 45 14 17 31",https://www.estimize.com/users/analyst_7399367
"SCS Q3 2020 Dec 17, 2019 3 / 9 10 12 22",https://www.estimize.com/users/analyst_7399367
"CTAS Q2 2020 Dec 17, 2019 8 / 18 10 11 21",https://www.estimize.com/users/analyst_7399367
"LULU Q3 2019 Dec 11, 2019 22 / 153 14 22 36",https://www.estimize.com/users/analyst_7399367
"PLAY Q3 2019 Dec 10, 2019 7 / 20 -5 24 19",https://www.estimize.com/users/analyst_7399367
"CONN Q3 2020 Dec 10, 2019 13 / 14 14 -11 3",https://www.estimize.com/users/analyst_7399367
"CMD Q1 2020 Dec 10, 2019 5 / 12 11 -2 9",https://www.estimize.com/users/analyst_7399367
"HDS Q3 2019 Dec 10, 2019 6 / 13 0 -1 -1",https://www.estimize.com/users/analyst_7399367
"SFIX Q1 2020 Dec 9, 2019 14 / 57 11 20 31",https://www.estimize.com/users/analyst_7399367
"CHWY Q3 2019 Dec 9, 2019 8 / 19 14 -3 11",https://www.estimize.com/users/analyst_7399367
"AZZ Q2 2020 Dec 5, 2019 13 / 15 -4 -5 -9",https://www.estimize.com/users/analyst_7399367
"HQY Q3 2020 Dec 3, 2019 13 / 18 9 -6 3",https://www.estimize.com/users/analyst_7399367
"COUP Q3 2020 Dec 2, 2019 23 / 49 8 14 22",https://www.estimize.com/users/analyst_7399367
"MOMO Q3 2019 Nov 26, 2019 1 / 29 19 18 37",https://www.estimize.com/users/analyst_7399367
"NTNX Q1 2020 Nov 25, 2019 17 / 36 23 -4 19",https://www.estimize.com/users/analyst_7399367
"BBWI Q3 2019 Nov 20, 2019 30 / 33 -5 -7 -12",https://www.estimize.com/users/analyst_7399367
"CPRT Q1 2020 Nov 20, 2019 7 / 21 11 10 21",https://www.estimize.com/users/analyst_7399367
"CUB Q4 2019 Nov 20, 2019 1 / 14 20 10 30",https://www.estimize.com/users/analyst_7399367
"LZB Q2 2020 Nov 20, 2019 4 / 7 -3 -4 -7",https://www.estimize.com/users/analyst_7399367
"JACK Q4 2019 Nov 20, 2019 28 / 30 -5 -9 -14",https://www.estimize.com/users/analyst_7399367
"ESE Q4 2019 Nov 19, 2019 26 / 26 -10 -13 -23",https://www.estimize.com/users/analyst_7399367
"URBN Q3 2020 Nov 19, 2019 4 / 23 -2 17 15",https://www.estimize.com/users/analyst_7399367
"KRNT Q3 2019 Nov 18, 2019 1 / 9 15 11 26",https://www.estimize.com/users/analyst_7399367
"WWD Q4 2019 Nov 18, 2019 6 / 12 -3 -2 -5",https://www.estimize.com/users/analyst_7399367
"ASH Q4 2019 Nov 18, 2019 3 / 15 11 10 21",https://www.estimize.com/users/analyst_7399367
"PXD Q3 2019 Nov 4, 2019 21 / 31 -3 -4 -7",https://www.estimize.com/users/analyst_7399367
"MELI Q3 2019 Oct 31, 2019 13 / 32 -3 -1 -4",https://www.estimize.com/users/analyst_7399367
"PINS Q3 2019 Oct 31, 2019 10 / 69 8 24 32",https://www.estimize.com/users/analyst_7399367
"TWLO Q3 2019 Oct 30, 2019 26 / 89 11 18 29",https://www.estimize.com/users/analyst_7399367
"MXIM Q1 2020 Oct 29, 2019 10 / 12 -3 -2 -5",https://www.estimize.com/users/analyst_7399367
"PSMT Q4 2019 Oct 29, 2019 3 / 6 11 -3 8",https://www.estimize.com/users/analyst_7399367
"ZEN Q3 2019 Oct 29, 2019 25 / 31 7 -10 -3",https://www.estimize.com/users/analyst_7399367
"MNDT Q3 2019 Oct 29, 2019 38 / 46 -5 7 2",https://www.estimize.com/users/analyst_7399367
"EA Q2 2020 Oct 29, 2019 27 / 86 11 15 26",https://www.estimize.com/users/analyst_7399367
"MDLZ Q3 2019 Oct 29, 2019 1 / 27 10 22 32",https://www.estimize.com/users/analyst_7399367
"CXO Q3 2019 Oct 29, 2019 3 / 14 25 -5 20",https://www.estimize.com/users/analyst_7399367
"EXAS Q3 2019 Oct 29, 2019 8 / 40 10 23 33",https://www.estimize.com/users/analyst_7399367
"GM Q3 2019 Oct 29, 2019 16 / 29 19 -4 15",https://www.estimize.com/users/analyst_7399367
"EHC Q3 2019 Oct 28, 2019 4 / 7 19 -6 13",https://www.estimize.com/users/analyst_7399367
"LEG Q3 2019 Oct 28, 2019 16 / 29 -4 11 7",https://www.estimize.com/users/analyst_7399367
"AKAM Q3 2019 Oct 28, 2019 18 / 31 10 10 20",https://www.estimize.com/users/analyst_7399367
"NXPI Q3 2019 Oct 28, 2019 49 / 52 -7 -8 -15",https://www.estimize.com/users/analyst_7399367
"XPO Q3 2019 Oct 28, 2019 6 / 12 12 -3 9",https://www.estimize.com/users/analyst_7399367
"TREX Q3 2019 Oct 28, 2019 4 / 10 12 -4 8",https://www.estimize.com/users/analyst_7399367
"CTB Q3 2019 Oct 28, 2019 8 / 15 -3 12 9",https://www.estimize.com/users/analyst_7399367
"SPOT Q3 2019 Oct 28, 2019 9 / 51 -4 22 18",https://www.estimize.com/users/analyst_7399367
"PFPT Q3 2019 Oct 24, 2019 18 / 22 9 -11 -2",https://www.estimize.com/users/analyst_7399367
"FSLR Q3 2019 Oct 24, 2019 8 / 56 11 10 21",https://www.estimize.com/users/analyst_7399367
"MHK Q3 2019 Oct 24, 2019 11 / 14 -3 -3 -6",https://www.estimize.com/users/analyst_7399367
"PRO Q3 2019 Oct 24, 2019 1 / 9 25 22 47",https://www.estimize.com/users/analyst_7399367
"JNPR Q3 2019 Oct 24, 2019 25 / 44 15 -3 12",https://www.estimize.com/users/analyst_7399367
"EHTH Q3 2019 Oct 24, 2019 1 / 12 25 8 33",https://www.estimize.com/users/analyst_7399367
"CERN Q3 2019 Oct 24, 2019 12 / 14 -6 -7 -13",https://www.estimize.com/users/analyst_7399367
"AVT Q1 2020 Oct 24, 2019 5 / 5 -6 10 4",https://www.estimize.com/users/analyst_7399367
"ILMN Q3 2019 Oct 24, 2019 10 / 30 9 11 20",https://www.estimize.com/users/analyst_7399367
"EW Q3 2019 Oct 23, 2019 5 / 22 10 11 21",https://www.estimize.com/users/analyst_7399367
"ALGN Q3 2019 Oct 23, 2019 4 / 52 18 19 37",https://www.estimize.com/users/analyst_7399367
"XLNX Q2 2020 Oct 23, 2019 27 / 47 18 -5 13",https://www.estimize.com/users/analyst_7399367
"BMRN Q3 2019 Oct 23, 2019 10 / 15 -2 -4 -6",https://www.estimize.com/users/analyst_7399367
"SKX Q3 2019 Oct 22, 2019 3 / 20 -5 25 20",https://www.estimize.com/users/analyst_7399367
"TER Q3 2019 Oct 22, 2019 8 / 17 8 10 18",https://www.estimize.com/users/analyst_7399367
