0,URL
"V Q4 2019 Oct 24, 2019 47 / 159 11 20 31",https://www.estimize.com/users/analyst_2270270
"AMZN Q3 2019 Oct 24, 2019 287 / 393 -8 12 4",https://www.estimize.com/users/analyst_2270270
"INTC Q3 2019 Oct 24, 2019 6 / 178 22 13 35",https://www.estimize.com/users/analyst_2270270
"TWTR Q3 2019 Oct 24, 2019 156 / 170 -5 -5 -10",https://www.estimize.com/users/analyst_2270270
"PYPL Q3 2019 Oct 23, 2019 18 / 133 20 15 35",https://www.estimize.com/users/analyst_2270270
"MSFT Q1 2020 Oct 23, 2019 3 / 303 23 23 46",https://www.estimize.com/users/analyst_2270270
"XLNX Q2 2020 Oct 23, 2019 4 / 47 18 19 37",https://www.estimize.com/users/analyst_2270270
"TSLA Q3 2019 Oct 23, 2019 319 / 512 10 -4 6",https://www.estimize.com/users/analyst_2270270
"BA Q3 2019 Oct 23, 2019 48 / 101 -3 19 16",https://www.estimize.com/users/analyst_2270270
"IRBT Q3 2019 Oct 22, 2019 12 / 48 11 10 21",https://www.estimize.com/users/analyst_2270270
"SNAP Q3 2019 Oct 22, 2019 51 / 122 -4 19 15",https://www.estimize.com/users/analyst_2270270
"AMTD Q4 2019 Oct 21, 2019 5 / 22 11 10 21",https://www.estimize.com/users/analyst_2270270
"NFLX Q3 2019 Oct 16, 2019 59 / 306 10 -1 9",https://www.estimize.com/users/analyst_2270270
"BIDU Q2 2019 Aug 19, 2019 56 / 182 12 19 31",https://www.estimize.com/users/analyst_2270270
"YELP Q2 2019 Aug 8, 2019 36 / 61 16 -3 13",https://www.estimize.com/users/analyst_2270270
"DBX Q2 2019 Aug 8, 2019 36 / 42 -6 -7 -13",https://www.estimize.com/users/analyst_2270270
"UBER Q2 2019 Aug 8, 2019 47 / 67 -3 -3 -6",https://www.estimize.com/users/analyst_2270270
"GOGO Q2 2019 Aug 8, 2019 7 / 28 15 9 24",https://www.estimize.com/users/analyst_2270270
"STMP Q2 2019 Aug 7, 2019 1 / 34 21 21 42",https://www.estimize.com/users/analyst_2270270
"AAOI Q2 2019 Aug 7, 2019 21 / 26 -4 -8 -12",https://www.estimize.com/users/analyst_2270270
"ROKU Q2 2019 Aug 7, 2019 13 / 114 15 13 28",https://www.estimize.com/users/analyst_2270270
"LYFT Q2 2019 Aug 7, 2019 11 / 67 15 12 27",https://www.estimize.com/users/analyst_2270270
"MTCH Q2 2019 Aug 6, 2019 5 / 48 -4 15 11",https://www.estimize.com/users/analyst_2270270
"HTZ Q2 2019 Aug 6, 2019 5 / 20 10 11 21",https://www.estimize.com/users/analyst_2270270
"GPRO Q2 2019 Aug 1, 2019 75 / 79 -13 -7 -20",https://www.estimize.com/users/analyst_2270270
"SQ Q2 2019 Aug 1, 2019 73 / 163 8 11 19",https://www.estimize.com/users/analyst_2270270
"DATA Q2 2019 Aug 1, 2019 23 / 49 -14 24 10",https://www.estimize.com/users/analyst_2270270
"RDFN Q2 2019 Aug 1, 2019 23 / 40 -1 10 9",https://www.estimize.com/users/analyst_2270270
"W Q2 2019 Aug 1, 2019 3 / 32 -1 16 15",https://www.estimize.com/users/analyst_2270270
"QCOM Q3 2019 Jul 31, 2019 102 / 130 -3 -4 -7",https://www.estimize.com/users/analyst_2270270
"TWLO Q2 2019 Jul 31, 2019 109 / 115 -18 17 -1",https://www.estimize.com/users/analyst_2270270
"AYX Q2 2019 Jul 31, 2019 10 / 44 11 16 27",https://www.estimize.com/users/analyst_2270270
"SPOT Q2 2019 Jul 31, 2019 56 / 65 -3 -15 -18",https://www.estimize.com/users/analyst_2270270
"AMD Q2 2019 Jul 30, 2019 68 / 329 -3 25 22",https://www.estimize.com/users/analyst_2270270
"AAPL Q3 2019 Jul 30, 2019 25 / 553 21 23 44",https://www.estimize.com/users/analyst_2270270
"TXRH Q2 2019 Jul 29, 2019 25 / 34 -4 -4 -8",https://www.estimize.com/users/analyst_2270270
"BYND Q2 2019 Jul 29, 2019 11 / 107 11 10 21",https://www.estimize.com/users/analyst_2270270
"TWTR Q2 2019 Jul 26, 2019 67 / 198 -5 24 19",https://www.estimize.com/users/analyst_2270270
"ABBV Q2 2019 Jul 26, 2019 12 / 51 12 13 25",https://www.estimize.com/users/analyst_2270270
"AMZN Q2 2019 Jul 25, 2019 286 / 386 -19 13 -6",https://www.estimize.com/users/analyst_2270270
"INTC Q2 2019 Jul 25, 2019 23 / 212 16 11 27",https://www.estimize.com/users/analyst_2270270
"GOOGL Q2 2019 Jul 25, 2019 53 / 334 14 10 24",https://www.estimize.com/users/analyst_2270270
"XLNX Q1 2020 Jul 24, 2019 40 / 57 9 -7 2",https://www.estimize.com/users/analyst_2270270
"PYPL Q2 2019 Jul 24, 2019 71 / 128 9 -3 6",https://www.estimize.com/users/analyst_2270270
"META Q2 2019 Jul 24, 2019 23 / 410 22 15 37",https://www.estimize.com/users/analyst_2270270
"TSLA Q2 2019 Jul 24, 2019 299 / 572 -2 -2 -4",https://www.estimize.com/users/analyst_2270270
"BA Q2 2019 Jul 24, 2019 65 / 97 -9 8 -1",https://www.estimize.com/users/analyst_2270270
"MSFT Q4 2019 Jul 18, 2019 112 / 349 12 9 21",https://www.estimize.com/users/analyst_2270270
"UNH Q2 2019 Jul 18, 2019 29 / 59 14 -7 7",https://www.estimize.com/users/analyst_2270270
"NFLX Q2 2019 Jul 17, 2019 245 / 338 -3 -3 -6",https://www.estimize.com/users/analyst_2270270
"SINA Q1 2019 May 23, 2019 2 / 12 -3 23 20",https://www.estimize.com/users/analyst_2270270
"WB Q1 2019 May 23, 2019 13 / 30 -1 -1 -2",https://www.estimize.com/users/analyst_2270270
"BIDU Q1 2019 May 16, 2019 80 / 130 -1 -4 -5",https://www.estimize.com/users/analyst_2270270
"NVDA Q1 2020 May 16, 2019 237 / 341 -2 -1 -3",https://www.estimize.com/users/analyst_2270270
"PINS Q1 2019 May 16, 2019 52 / 55 -4 -18 -22",https://www.estimize.com/users/analyst_2270270
"CSCO Q3 2019 May 15, 2019 95 / 144 -6 13 7",https://www.estimize.com/users/analyst_2270270
"BABA Q4 2019 May 15, 2019 69 / 193 7 15 22",https://www.estimize.com/users/analyst_2270270
"JD Q1 2019 May 10, 2019 15 / 66 11 17 28",https://www.estimize.com/users/analyst_2270270
"GPRO Q1 2019 May 9, 2019 39 / 98 -2 20 18",https://www.estimize.com/users/analyst_2270270
"YELP Q1 2019 May 9, 2019 24 / 67 -1 -1 -2",https://www.estimize.com/users/analyst_2270270
"DBX Q1 2019 May 9, 2019 24 / 53 10 10 20",https://www.estimize.com/users/analyst_2270270
"OSTK Q1 2019 May 9, 2019 12 / 21 -2 -1 -3",https://www.estimize.com/users/analyst_2270270
"STMP Q1 2019 May 8, 2019 6 / 41 22 12 34",https://www.estimize.com/users/analyst_2270270
"AAOI Q1 2019 May 8, 2019 21 / 30 -2 -1 -3",https://www.estimize.com/users/analyst_2270270
"ROKU Q1 2019 May 8, 2019 28 / 89 9 12 21",https://www.estimize.com/users/analyst_2270270
"RDFN Q1 2019 May 8, 2019 10 / 43 -1 15 14",https://www.estimize.com/users/analyst_2270270
"MNTV Q1 2019 May 8, 2019 5 / 5 25 -22 3",https://www.estimize.com/users/analyst_2270270
"MTCH Q1 2019 May 7, 2019 46 / 62 10 -6 4",https://www.estimize.com/users/analyst_2270270
"QRVO Q4 2019 May 7, 2019 6 / 41 20 21 41",https://www.estimize.com/users/analyst_2270270
"LYFT Q1 2019 May 7, 2019 43 / 82 -3 10 7",https://www.estimize.com/users/analyst_2270270
"VTRS Q1 2019 May 7, 2019 9 / 14 -2 -4 -6",https://www.estimize.com/users/analyst_2270270
"ATVI Q1 2019 May 2, 2019 6 / 138 22 23 45",https://www.estimize.com/users/analyst_2270270
"DATA Q1 2019 May 2, 2019 49 / 66 11 -4 7",https://www.estimize.com/users/analyst_2270270
"W Q1 2019 May 2, 2019 7 / 40 -2 22 20",https://www.estimize.com/users/analyst_2270270
"QCOM Q2 2019 May 1, 2019 40 / 156 14 17 31",https://www.estimize.com/users/analyst_2270270
"SQ Q1 2019 May 1, 2019 51 / 190 15 16 31",https://www.estimize.com/users/analyst_2270270
"TWLO Q1 2019 Apr 30, 2019 87 / 122 12 -3 9",https://www.estimize.com/users/analyst_2270270
"AMD Q1 2019 Apr 30, 2019 212 / 352 -3 -1 -4",https://www.estimize.com/users/analyst_2270270
"AAPL Q2 2019 Apr 30, 2019 72 / 556 18 25 43",https://www.estimize.com/users/analyst_2270270
"GOOGL Q1 2019 Apr 29, 2019 160 / 329 13 -6 7",https://www.estimize.com/users/analyst_2270270
"SPOT Q1 2019 Apr 29, 2019 28 / 71 -4 16 12",https://www.estimize.com/users/analyst_2270270
"AMZN Q1 2019 Apr 25, 2019 283 / 441 9 -4 5",https://www.estimize.com/users/analyst_2270270
"INTC Q1 2019 Apr 25, 2019 173 / 214 -9 -4 -13",https://www.estimize.com/users/analyst_2270270
"ABBV Q1 2019 Apr 25, 2019 2 / 42 14 20 34",https://www.estimize.com/users/analyst_2270270
"V Q2 2019 Apr 24, 2019 94 / 152 19 -3 16",https://www.estimize.com/users/analyst_2270270
"MSFT Q3 2019 Apr 24, 2019 54 / 324 16 10 26",https://www.estimize.com/users/analyst_2270270
"PYPL Q1 2019 Apr 24, 2019 65 / 145 10 -2 8",https://www.estimize.com/users/analyst_2270270
"TSLA Q1 2019 Apr 24, 2019 201 / 506 -2 -3 -5",https://www.estimize.com/users/analyst_2270270
"META Q1 2019 Apr 24, 2019 15 / 456 15 22 37",https://www.estimize.com/users/analyst_2270270
"SIRI Q1 2019 Apr 24, 2019 33 / 41 -3 -3 -6",https://www.estimize.com/users/analyst_2270270
"BA Q1 2019 Apr 24, 2019 5 / 135 25 17 42",https://www.estimize.com/users/analyst_2270270
"EBAY Q1 2019 Apr 23, 2019 24 / 119 13 12 25",https://www.estimize.com/users/analyst_2270270
"IRBT Q1 2019 Apr 23, 2019 38 / 55 9 -3 6",https://www.estimize.com/users/analyst_2270270
"SNAP Q1 2019 Apr 23, 2019 49 / 146 25 -4 21",https://www.estimize.com/users/analyst_2270270
"TWTR Q1 2019 Apr 23, 2019 52 / 235 10 17 27",https://www.estimize.com/users/analyst_2270270
"NFLX Q1 2019 Apr 16, 2019 90 / 365 11 16 27",https://www.estimize.com/users/analyst_2270270
"BB Q4 2019 Mar 29, 2019 7 / 115 14 18 32",https://www.estimize.com/users/analyst_2270270
"RH Q4 2018 Mar 28, 2019 8 / 58 25 -4 21",https://www.estimize.com/users/analyst_2270270
"ACN Q2 2019 Mar 28, 2019 3 / 36 13 17 30",https://www.estimize.com/users/analyst_2270270
"LULU Q4 2018 Mar 27, 2019 32 / 134 13 18 31",https://www.estimize.com/users/analyst_2270270
"MU Q2 2019 Mar 20, 2019 76 / 276 -1 -1 -2",https://www.estimize.com/users/analyst_2270270
"BITA Q4 2018 Mar 19, 2019 7 / 12 -5 10 5",https://www.estimize.com/users/analyst_2270270
"TLRY Q2 2019 Mar 18, 2019 35 / 63 -3 -2 -5",https://www.estimize.com/users/analyst_2270270
"OSTK Q4 2018 Mar 18, 2019 12 / 33 15 -3 12",https://www.estimize.com/users/analyst_2270270
"AVGO Q1 2019 Mar 14, 2019 50 / 93 11 -2 9",https://www.estimize.com/users/analyst_2270270
"ADBE Q1 2019 Mar 14, 2019 53 / 159 11 12 23",https://www.estimize.com/users/analyst_2270270
"ORCL Q3 2019 Mar 14, 2019 38 / 108 25 -1 24",https://www.estimize.com/users/analyst_2270270
"MOMO Q4 2018 Mar 12, 2019 15 / 49 13 12 25",https://www.estimize.com/users/analyst_2270270
"SINA Q4 2018 Mar 5, 2019 10 / 18 -3 -1 -4",https://www.estimize.com/users/analyst_2270270
"WB Q4 2018 Mar 5, 2019 6 / 38 25 -1 24",https://www.estimize.com/users/analyst_2270270
"CRM Q4 2019 Mar 4, 2019 3 / 214 25 23 48",https://www.estimize.com/users/analyst_2270270
"YY Q4 2018 Mar 4, 2019 31 / 38 -12 9 -3",https://www.estimize.com/users/analyst_2270270
"VMW Q4 2019 Feb 28, 2019 11 / 82 20 13 33",https://www.estimize.com/users/analyst_2270270
"JD Q4 2018 Feb 28, 2019 26 / 80 9 12 21",https://www.estimize.com/users/analyst_2270270
"SQ Q4 2018 Feb 27, 2019 26 / 227 25 12 37",https://www.estimize.com/users/analyst_2270270
"FIT Q4 2018 Feb 27, 2019 26 / 135 9 24 33",https://www.estimize.com/users/analyst_2270270
"BBY Q4 2019 Feb 27, 2019 32 / 51 14 -4 10",https://www.estimize.com/users/analyst_2270270
"VEEV Q4 2019 Feb 26, 2019 9 / 49 25 11 36",https://www.estimize.com/users/analyst_2270270
"W Q4 2018 Feb 22, 2019 15 / 39 -3 20 17",https://www.estimize.com/users/analyst_2270270
"AAOI Q4 2018 Feb 21, 2019 9 / 36 25 -1 24",https://www.estimize.com/users/analyst_2270270
"BIDU Q4 2018 Feb 21, 2019 20 / 143 19 16 35",https://www.estimize.com/users/analyst_2270270
"ROKU Q4 2018 Feb 21, 2019 2 / 101 25 11 36",https://www.estimize.com/users/analyst_2270270
"WMT Q4 2019 Feb 19, 2019 60 / 154 10 -2 8",https://www.estimize.com/users/analyst_2270270
"NVDA Q4 2019 Feb 14, 2019 130 / 458 21 -2 19",https://www.estimize.com/users/analyst_2270270
"RDFN Q4 2018 Feb 14, 2019 5 / 47 18 11 29",https://www.estimize.com/users/analyst_2270270
"YELP Q4 2018 Feb 13, 2019 67 / 93 -25 19 -6",https://www.estimize.com/users/analyst_2270270
"ATVI Q4 2018 Feb 12, 2019 110 / 164 -1 -4 -5",https://www.estimize.com/users/analyst_2270270
"TWLO Q4 2018 Feb 12, 2019 30 / 112 -3 13 10",https://www.estimize.com/users/analyst_2270270
"SHOP Q4 2018 Feb 12, 2019 7 / 103 21 15 36",https://www.estimize.com/users/analyst_2270270
"TWTR Q4 2018 Feb 7, 2019 87 / 242 11 13 24",https://www.estimize.com/users/analyst_2270270
"MTCH Q4 2018 Feb 6, 2019 37 / 62 -6 13 7",https://www.estimize.com/users/analyst_2270270
"GPRO Q4 2018 Feb 6, 2019 48 / 117 17 -1 16",https://www.estimize.com/users/analyst_2270270
"GOOGL Q4 2018 Feb 4, 2019 219 / 374 7 10 17",https://www.estimize.com/users/analyst_2270270
"AMZN Q4 2018 Jan 31, 2019 146 / 538 10 19 29",https://www.estimize.com/users/analyst_2270270
"MSFT Q2 2019 Jan 30, 2019 140 / 389 -2 -1 -3",https://www.estimize.com/users/analyst_2270270
"PYPL Q4 2018 Jan 30, 2019 54 / 132 13 -2 11",https://www.estimize.com/users/analyst_2270270
"QCOM Q1 2019 Jan 30, 2019 88 / 112 11 -3 8",https://www.estimize.com/users/analyst_2270270
"V Q1 2019 Jan 30, 2019 137 / 178 7 6 13",https://www.estimize.com/users/analyst_2270270
"META Q4 2018 Jan 30, 2019 179 / 479 10 10 20",https://www.estimize.com/users/analyst_2270270
"TSLA Q4 2018 Jan 30, 2019 239 / 579 -1 -1 -2",https://www.estimize.com/users/analyst_2270270
"BA Q4 2018 Jan 30, 2019 13 / 122 10 11 21",https://www.estimize.com/users/analyst_2270270
"BABA Q3 2019 Jan 30, 2019 120 / 222 13 -1 12",https://www.estimize.com/users/analyst_2270270
"AMD Q4 2018 Jan 29, 2019 176 / 344 -2 -2 -4",https://www.estimize.com/users/analyst_2270270
"AAPL Q1 2019 Jan 29, 2019 303 / 700 -1 -1 -2",https://www.estimize.com/users/analyst_2270270
"IBM Q4 2018 Jan 22, 2019 88 / 176 18 -4 14",https://www.estimize.com/users/analyst_2270270
"NFLX Q4 2018 Jan 17, 2019 154 / 491 20 -2 18",https://www.estimize.com/users/analyst_2270270
"MS Q4 2018 Jan 17, 2019 38 / 58 -4 -3 -7",https://www.estimize.com/users/analyst_2270270
"SQ Q3 2018 Nov 7, 2018 114 / 258 11 14 25",https://www.estimize.com/users/analyst_2270270
"ROKU Q3 2018 Nov 7, 2018 82 / 95 -5 -6 -11",https://www.estimize.com/users/analyst_2270270
"BABA Q2 2019 Nov 2, 2018 154 / 230 6 -1 5",https://www.estimize.com/users/analyst_2270270
"AAPL Q4 2018 Nov 1, 2018 204 / 709 17 14 31",https://www.estimize.com/users/analyst_2270270
"META Q3 2018 Oct 30, 2018 530 / 703 8 -3 5",https://www.estimize.com/users/analyst_2270270
"AMD Q3 2018 Oct 24, 2018 261 / 447 -3 -3 -6",https://www.estimize.com/users/analyst_2270270
"NFLX Q3 2018 Oct 16, 2018 299 / 448 9 -2 7",https://www.estimize.com/users/analyst_2270270
"ADBE Q3 2018 Sep 13, 2018 30 / 276 17 19 36",https://www.estimize.com/users/analyst_2270270
"RH Q2 2018 Sep 4, 2018 42 / 74 9 -3 6",https://www.estimize.com/users/analyst_2270270
"BABA Q1 2019 Aug 23, 2018 62 / 409 -1 -1 -2",https://www.estimize.com/users/analyst_2270270
"BITA Q2 2018 Aug 22, 2018 3 / 16 22 -2 20",https://www.estimize.com/users/analyst_2270270
"SQ Q2 2018 Aug 1, 2018 61 / 193 12 12 24",https://www.estimize.com/users/analyst_2270270
"INTC Q2 2018 Jul 26, 2018 5 / 229 23 23 46",https://www.estimize.com/users/analyst_2270270
"AMZN Q2 2018 Jul 26, 2018 228 / 529 10 -3 7",https://www.estimize.com/users/analyst_2270270
"META Q2 2018 Jul 25, 2018 233 / 548 -2 -2 -4",https://www.estimize.com/users/analyst_2270270
"DAL Q2 2018 Jul 12, 2018 9 / 91 14 21 35",https://www.estimize.com/users/analyst_2270270
"ADBE Q2 2018 Jun 14, 2018 52 / 175 14 15 29",https://www.estimize.com/users/analyst_2270270
"MTCH Q1 2018 May 8, 2018 7 / 67 19 9 28",https://www.estimize.com/users/analyst_2270270
"JD Q1 2018 May 8, 2018 25 / 90 16 -4 12",https://www.estimize.com/users/analyst_2270270
"CHTR Q1 2018 Apr 27, 2018 3 / 41 10 24 34",https://www.estimize.com/users/analyst_2270270
"AMD Q1 2018 Apr 25, 2018 327 / 347 -17 -18 -35",https://www.estimize.com/users/analyst_2270270
"GOOGL Q1 2018 Apr 23, 2018 430 / 455 -6 -8 -14",https://www.estimize.com/users/analyst_2270270
"IBM Q1 2018 Apr 17, 2018 7 / 187 17 21 38",https://www.estimize.com/users/analyst_2270270
"GOOGL Q4 2017 Feb 1, 2018 298 / 434 23 -14 9",https://www.estimize.com/users/analyst_2270270
"AMD Q4 2017 Jan 30, 2018 459 / 505 -7 -12 -19",https://www.estimize.com/users/analyst_2270270
"BITA Q3 2017 Nov 20, 2017 16 / 24 9 -4 5",https://www.estimize.com/users/analyst_2270270
"NVDA Q3 2018 Nov 9, 2017 219 / 573 11 10 21",https://www.estimize.com/users/analyst_2270270
"KONA Q3 2017 Nov 9, 2017 3 / 9 16 15 31",https://www.estimize.com/users/analyst_2270270
"TNK Q3 2017 Nov 9, 2017 1 / 7 25 9 34",https://www.estimize.com/users/analyst_2270270
"MLNT Q3 2017 Nov 8, 2017 7 / 14 -3 10 7",https://www.estimize.com/users/analyst_2270270
"SLRX Q3 2017 Nov 6, 2017 6 / 8 7 -2 5",https://www.estimize.com/users/analyst_2270270
"GPRO Q3 2017 Nov 1, 2017 43 / 192 12 14 26",https://www.estimize.com/users/analyst_2270270
"WFT Q3 2017 Nov 1, 2017 21 / 41 17 -3 14",https://www.estimize.com/users/analyst_2270270
"GOOGL Q3 2017 Oct 26, 2017 264 / 378 9 -4 5",https://www.estimize.com/users/analyst_2270270
"AMD Q3 2017 Oct 24, 2017 426 / 504 -5 -6 -11",https://www.estimize.com/users/analyst_2270270
"ERIC Q3 2017 Oct 20, 2017 12 / 17 10 -3 7",https://www.estimize.com/users/analyst_2270270
"HCSG Q3 2017 Oct 17, 2017 7 / 17 -7 15 8",https://www.estimize.com/users/analyst_2270270
"NAVI Q3 2017 Oct 17, 2017 9 / 14 -3 7 4",https://www.estimize.com/users/analyst_2270270
"CSX Q3 2017 Oct 17, 2017 25 / 44 -5 -2 -7",https://www.estimize.com/users/analyst_2270270
"UNH Q3 2017 Oct 17, 2017 17 / 50 10 -2 8",https://www.estimize.com/users/analyst_2270270
"TTS Q3 2017 Oct 17, 2017 9 / 12 -4 -1 -5",https://www.estimize.com/users/analyst_2270270
"WIT Q2 2018 Oct 17, 2017 7 / 7 5 -4 1",https://www.estimize.com/users/analyst_2270270
"NFLX Q3 2017 Oct 16, 2017 160 / 474 -3 21 18",https://www.estimize.com/users/analyst_2270270
"SONC Q4 2017 Oct 16, 2017 34 / 56 11 -4 7",https://www.estimize.com/users/analyst_2270270
"LEN Q3 2017 Oct 3, 2017 15 / 43 12 12 24",https://www.estimize.com/users/analyst_2270270
"RAD Q2 2018 Sep 28, 2017 22 / 46 -3 -3 -6",https://www.estimize.com/users/analyst_2270270
"JBL Q4 2017 Sep 27, 2017 4 / 27 25 11 36",https://www.estimize.com/users/analyst_2270270
"PIR Q2 2018 Sep 27, 2017 6 / 47 25 -1 24",https://www.estimize.com/users/analyst_2270270
"ASNA Q4 2017 Sep 25, 2017 1 / 23 12 17 29",https://www.estimize.com/users/analyst_2270270
"ADBE Q3 2017 Sep 19, 2017 61 / 157 9 14 23",https://www.estimize.com/users/analyst_2270270
"STNG Q2 2017 Sep 18, 2017 9 / 18 -3 -3 -6",https://www.estimize.com/users/analyst_2270270
"ORCL Q1 2018 Sep 14, 2017 17 / 193 25 10 35",https://www.estimize.com/users/analyst_2270270
"KR Q2 2017 Sep 8, 2017 28 / 69 -2 10 8",https://www.estimize.com/users/analyst_2270270
"BKS Q1 2018 Sep 7, 2017 2 / 16 25 12 37",https://www.estimize.com/users/analyst_2270270
"GWRE Q4 2017 Sep 6, 2017 23 / 29 8 7 15",https://www.estimize.com/users/analyst_2270270
"RH Q2 2017 Sep 6, 2017 4 / 50 10 24 34",https://www.estimize.com/users/analyst_2270270
"JKS Q2 2017 Sep 6, 2017 6 / 16 -3 12 9",https://www.estimize.com/users/analyst_2270270
"PANW Q4 2017 Aug 31, 2017 64 / 114 8 9 17",https://www.estimize.com/users/analyst_2270270
"TCOM Q2 2017 Aug 30, 2017 41 / 70 6 9 15",https://www.estimize.com/users/analyst_2270270
"MOV Q2 2018 Aug 29, 2017 10 / 14 -3 -3 -6",https://www.estimize.com/users/analyst_2270270
"BBY Q2 2018 Aug 29, 2017 3 / 99 25 13 38",https://www.estimize.com/users/analyst_2270270
"VMW Q2 2018 Aug 24, 2017 57 / 102 9 9 18",https://www.estimize.com/users/analyst_2270270
"GME Q2 2017 Aug 24, 2017 68 / 88 -1 -4 -5",https://www.estimize.com/users/analyst_2270270
"AVGO Q3 2017 Aug 24, 2017 14 / 139 20 24 44",https://www.estimize.com/users/analyst_2270270
"VEEV Q2 2018 Aug 24, 2017 29 / 59 25 -3 22",https://www.estimize.com/users/analyst_2270270
"MRVL Q2 2018 Aug 24, 2017 2 / 48 25 21 46",https://www.estimize.com/users/analyst_2270270
"EV Q3 2017 Aug 23, 2017 5 / 11 -4 19 15",https://www.estimize.com/users/analyst_2270270
"CRM Q2 2018 Aug 22, 2017 44 / 205 25 10 35",https://www.estimize.com/users/analyst_2270270
"JASO Q2 2017 Aug 22, 2017 2 / 18 10 10 20",https://www.estimize.com/users/analyst_2270270
"DBI Q2 2017 Aug 22, 2017 10 / 32 9 11 20",https://www.estimize.com/users/analyst_2270270
"TOL Q3 2017 Aug 22, 2017 18 / 35 -1 13 12",https://www.estimize.com/users/analyst_2270270
"BABA Q1 2018 Aug 17, 2017 188 / 358 9 -3 6",https://www.estimize.com/users/analyst_2270270
"HD Q2 2017 Aug 15, 2017 78 / 156 13 -3 10",https://www.estimize.com/users/analyst_2270270
"BKNG Q2 2017 Aug 8, 2017 91 / 162 7 -2 5",https://www.estimize.com/users/analyst_2270270
"CPRI Q1 2018 Aug 8, 2017 29 / 78 9 9 18",https://www.estimize.com/users/analyst_2270270
"W Q2 2017 Aug 8, 2017 10 / 47 10 11 21",https://www.estimize.com/users/analyst_2270270
"PARA Q2 2017 Aug 7, 2017 27 / 63 11 9 20",https://www.estimize.com/users/analyst_2270270
"CI Q2 2017 Aug 4, 2017 6 / 16 9 8 17",https://www.estimize.com/users/analyst_2270270
"GPRO Q2 2017 Aug 3, 2017 52 / 202 10 11 21",https://www.estimize.com/users/analyst_2270270
"ATVI Q2 2017 Aug 3, 2017 99 / 177 8 8 16",https://www.estimize.com/users/analyst_2270270
"SHAK Q2 2017 Aug 3, 2017 18 / 45 12 10 22",https://www.estimize.com/users/analyst_2270270
"DISH Q2 2017 Aug 3, 2017 3 / 47 13 11 24",https://www.estimize.com/users/analyst_2270270
"TSLA Q2 2017 Aug 2, 2017 68 / 469 21 9 30",https://www.estimize.com/users/analyst_2270270
"FIT Q2 2017 Aug 2, 2017 54 / 157 13 19 32",https://www.estimize.com/users/analyst_2270270
"AAPL Q3 2017 Aug 1, 2017 293 / 721 11 10 21",https://www.estimize.com/users/analyst_2270270
"UAA Q2 2017 Aug 1, 2017 53 / 181 14 20 34",https://www.estimize.com/users/analyst_2270270
"PFE Q2 2017 Aug 1, 2017 47 / 59 -10 12 2",https://www.estimize.com/users/analyst_2270270
"P Q2 2017 Jul 31, 2017 48 / 103 12 9 21",https://www.estimize.com/users/analyst_2270270
"SBUX Q3 2017 Jul 27, 2017 36 / 200 0 12 12",https://www.estimize.com/users/analyst_2270270
"AMZN Q2 2017 Jul 27, 2017 254 / 544 -2 10 8",https://www.estimize.com/users/analyst_2270270
"SIRI Q2 2017 Jul 27, 2017 39 / 47 -9 -3 -12",https://www.estimize.com/users/analyst_2270270
"PG Q4 2017 Jul 27, 2017 18 / 50 9 15 24",https://www.estimize.com/users/analyst_2270270
"META Q2 2017 Jul 26, 2017 258 / 589 5 14 19",https://www.estimize.com/users/analyst_2270270
"KO Q2 2017 Jul 26, 2017 37 / 72 -3 -1 -4",https://www.estimize.com/users/analyst_2270270
"AMD Q2 2017 Jul 25, 2017 363 / 597 9 -3 6",https://www.estimize.com/users/analyst_2270270
"X Q2 2017 Jul 25, 2017 36 / 70 9 10 19",https://www.estimize.com/users/analyst_2270270
"DD - DEFUNCT Q2 2017 Jul 25, 2017 20 / 27 5 8 13",https://www.estimize.com/users/analyst_2270270
"GOOGL Q2 2017 Jul 24, 2017 145 / 475 9 17 26",https://www.estimize.com/users/analyst_2270270
