0,URL
"META Q1 2022 Apr 27, 2022 108 / 215 20 -6 14",https://www.estimize.com/users/spincus2000
"AAPL Q4 2021 Oct 28, 2021 71 / 324 -1 -1 -2",https://www.estimize.com/users/spincus2000
"AAPL Q3 2021 Jul 27, 2021 142 / 348 15 9 24",https://www.estimize.com/users/spincus2000
"NFLX Q2 2021 Jul 20, 2021 101 / 140 -3 -4 -7",https://www.estimize.com/users/spincus2000
"WBA Q3 2021 Jul 1, 2021 5 / 14 11 15 26",https://www.estimize.com/users/spincus2000
"LVS Q4 2020 Jan 27, 2021 21 / 28 -1 -3 -4",https://www.estimize.com/users/spincus2000
"AAPL Q1 2021 Jan 27, 2021 154 / 502 11 10 21",https://www.estimize.com/users/spincus2000
"AAPL Q4 2020 Oct 29, 2020 50 / 387 17 22 39",https://www.estimize.com/users/spincus2000
"IBM Q1 2020 Apr 20, 2020 15 / 99 23 -1 22",https://www.estimize.com/users/spincus2000
"NFLX Q4 2019 Jan 21, 2020 249 / 296 -4 -1 -5",https://www.estimize.com/users/spincus2000
"AMZN Q2 2019 Jul 25, 2019 110 / 386 -3 18 15",https://www.estimize.com/users/spincus2000
"INTC Q2 2019 Jul 25, 2019 73 / 212 8 11 19",https://www.estimize.com/users/spincus2000
"WBA Q3 2019 Jun 27, 2019 13 / 42 25 -2 23",https://www.estimize.com/users/spincus2000
"AAPL Q2 2019 Apr 30, 2019 247 / 556 21 -2 19",https://www.estimize.com/users/spincus2000
"INTC Q1 2019 Apr 25, 2019 168 / 214 -11 -2 -13",https://www.estimize.com/users/spincus2000
"HSY Q1 2019 Apr 25, 2019 15 / 41 10 10 20",https://www.estimize.com/users/spincus2000
"NFLX Q4 2018 Jan 17, 2019 322 / 491 -3 -2 -5",https://www.estimize.com/users/spincus2000
"WBA Q1 2019 Dec 20, 2018 7 / 31 13 21 34",https://www.estimize.com/users/spincus2000
"META Q3 2018 Oct 30, 2018 617 / 703 12 -13 -1",https://www.estimize.com/users/spincus2000
"MGM Q3 2018 Oct 30, 2018 35 / 48 10 -5 5",https://www.estimize.com/users/spincus2000
"INTC Q3 2018 Oct 25, 2018 46 / 214 11 12 23",https://www.estimize.com/users/spincus2000
"NFLX Q3 2018 Oct 16, 2018 217 / 448 -4 24 20",https://www.estimize.com/users/spincus2000
"AAPL Q3 2018 Jul 31, 2018 200 / 694 11 14 25",https://www.estimize.com/users/spincus2000
"INTC Q2 2018 Jul 26, 2018 77 / 229 20 -1 19",https://www.estimize.com/users/spincus2000
"AMZN Q2 2018 Jul 26, 2018 199 / 529 11 -3 8",https://www.estimize.com/users/spincus2000
"HSY Q2 2018 Jul 26, 2018 34 / 37 -14 -6 -20",https://www.estimize.com/users/spincus2000
"V Q3 2018 Jul 25, 2018 22 / 207 14 19 33",https://www.estimize.com/users/spincus2000
"META Q2 2018 Jul 25, 2018 400 / 548 -6 -4 -10",https://www.estimize.com/users/spincus2000
"LVS Q2 2018 Jul 25, 2018 33 / 61 -3 -2 -5",https://www.estimize.com/users/spincus2000
"WBA Q3 2018 Jun 28, 2018 20 / 39 11 11 22",https://www.estimize.com/users/spincus2000
"INTC Q1 2018 Apr 26, 2018 15 / 244 17 15 32",https://www.estimize.com/users/spincus2000
"V Q2 2018 Apr 25, 2018 18 / 180 22 8 30",https://www.estimize.com/users/spincus2000
"EBAY Q1 2018 Apr 25, 2018 78 / 113 -6 -1 -7",https://www.estimize.com/users/spincus2000
"META Q1 2018 Apr 25, 2018 86 / 525 13 15 28",https://www.estimize.com/users/spincus2000
"LVS Q1 2018 Apr 25, 2018 22 / 58 11 10 21",https://www.estimize.com/users/spincus2000
"GOOGL Q1 2018 Apr 23, 2018 312 / 455 -5 12 7",https://www.estimize.com/users/spincus2000
"WBA Q2 2018 Mar 28, 2018 1 / 42 11 21 32",https://www.estimize.com/users/spincus2000
"AAPL Q1 2018 Feb 1, 2018 108 / 773 21 12 33",https://www.estimize.com/users/spincus2000
"GOOGL Q4 2017 Feb 1, 2018 364 / 434 -4 -2 -6",https://www.estimize.com/users/spincus2000
"HSY Q4 2017 Feb 1, 2018 8 / 50 -3 13 10",https://www.estimize.com/users/spincus2000
"WBA Q1 2018 Jan 4, 2018 34 / 55 -6 14 8",https://www.estimize.com/users/spincus2000
"MGM Q3 2017 Nov 8, 2017 31 / 52 -4 11 7",https://www.estimize.com/users/spincus2000
"AAPL Q4 2017 Nov 2, 2017 52 / 702 10 22 32",https://www.estimize.com/users/spincus2000
"WBA Q4 2017 Oct 25, 2017 23 / 50 10 -2 8",https://www.estimize.com/users/spincus2000
"AAPL Q3 2017 Aug 1, 2017 204 / 721 12 12 24",https://www.estimize.com/users/spincus2000
"INTC Q2 2017 Jul 27, 2017 117 / 248 12 7 19",https://www.estimize.com/users/spincus2000
"MGM Q2 2017 Jul 27, 2017 32 / 51 -4 -4 -8",https://www.estimize.com/users/spincus2000
"LVS Q2 2017 Jul 26, 2017 8 / 68 11 13 24",https://www.estimize.com/users/spincus2000
"META Q2 2017 Jul 26, 2017 25 / 589 16 23 39",https://www.estimize.com/users/spincus2000
"HSY Q2 2017 Jul 26, 2017 24 / 47 9 9 18",https://www.estimize.com/users/spincus2000
"GOOGL Q2 2017 Jul 24, 2017 242 / 475 11 -1 10",https://www.estimize.com/users/spincus2000
"NFLX Q2 2017 Jul 17, 2017 64 / 475 -2 18 16",https://www.estimize.com/users/spincus2000
"WBA Q3 2017 Jun 29, 2017 40 / 51 -5 -3 -8",https://www.estimize.com/users/spincus2000
"DIS Q2 2017 May 9, 2017 32 / 207 -4 23 19",https://www.estimize.com/users/spincus2000
"META Q1 2017 May 3, 2017 17 / 544 16 22 38",https://www.estimize.com/users/spincus2000
"AAPL Q2 2017 May 2, 2017 32 / 651 19 21 40",https://www.estimize.com/users/spincus2000
"INTC Q1 2017 Apr 27, 2017 120 / 209 -4 -1 -5",https://www.estimize.com/users/spincus2000
"GOOGL Q1 2017 Apr 27, 2017 72 / 380 17 10 27",https://www.estimize.com/users/spincus2000
"AMZN Q1 2017 Apr 27, 2017 198 / 462 -4 24 20",https://www.estimize.com/users/spincus2000
"MGM Q1 2017 Apr 27, 2017 13 / 48 11 9 20",https://www.estimize.com/users/spincus2000
"LVS Q1 2017 Apr 26, 2017 6 / 77 12 19 31",https://www.estimize.com/users/spincus2000
"HSY Q1 2017 Apr 26, 2017 18 / 34 12 8 20",https://www.estimize.com/users/spincus2000
"V Q2 2017 Apr 20, 2017 48 / 158 8 15 23",https://www.estimize.com/users/spincus2000
"EBAY Q1 2017 Apr 19, 2017 81 / 124 -7 14 7",https://www.estimize.com/users/spincus2000
"NFLX Q1 2017 Apr 17, 2017 148 / 452 -2 22 20",https://www.estimize.com/users/spincus2000
"WBA Q2 2017 Apr 5, 2017 36 / 41 -8 -4 -12",https://www.estimize.com/users/spincus2000
"MGM Q4 2016 Feb 16, 2017 53 / 64 -3 -6 -9",https://www.estimize.com/users/spincus2000
"AAPL Q1 2017 Jan 31, 2017 281 / 793 9 14 23",https://www.estimize.com/users/spincus2000
"GOOGL Q4 2016 Jan 26, 2017 224 / 461 -3 10 7",https://www.estimize.com/users/spincus2000
"LVS Q4 2016 Jan 25, 2017 9 / 82 -4 23 19",https://www.estimize.com/users/spincus2000
"NFLX Q4 2016 Jan 18, 2017 130 / 453 25 -2 23",https://www.estimize.com/users/spincus2000
"WBA Q1 2017 Jan 5, 2017 21 / 42 -6 17 11",https://www.estimize.com/users/spincus2000
"LVS Q3 2016 Nov 3, 2016 8 / 64 11 11 22",https://www.estimize.com/users/spincus2000
"INVN Q2 2017 Nov 3, 2016 15 / 27 -2 17 15",https://www.estimize.com/users/spincus2000
"GOOGL Q3 2016 Oct 27, 2016 126 / 454 10 12 22",https://www.estimize.com/users/spincus2000
"TSLA Q3 2016 Oct 26, 2016 179 / 395 9 14 23",https://www.estimize.com/users/spincus2000
"AAPL Q4 2016 Oct 25, 2016 581 / 850 -4 -1 -5",https://www.estimize.com/users/spincus2000
"V Q4 2016 Oct 24, 2016 115 / 227 12 -3 9",https://www.estimize.com/users/spincus2000
"EBAY Q3 2016 Oct 19, 2016 42 / 201 25 9 34",https://www.estimize.com/users/spincus2000
"INTC Q3 2016 Oct 18, 2016 216 / 330 -4 12 8",https://www.estimize.com/users/spincus2000
"NFLX Q3 2016 Oct 17, 2016 130 / 460 11 15 26",https://www.estimize.com/users/spincus2000
"TSLA Q2 2016 Aug 3, 2016 93 / 437 -3 19 16",https://www.estimize.com/users/spincus2000
"SQNM Q2 2016 Aug 3, 2016 3 / 6 6 11 17",https://www.estimize.com/users/spincus2000
"GOOGL Q2 2016 Jul 28, 2016 143 / 635 10 12 22",https://www.estimize.com/users/spincus2000
"META Q2 2016 Jul 27, 2016 146 / 886 12 11 23",https://www.estimize.com/users/spincus2000
"AAPL Q3 2016 Jul 26, 2016 68 / 1073 21 20 41",https://www.estimize.com/users/spincus2000
"LVS Q2 2016 Jul 25, 2016 57 / 98 -4 11 7",https://www.estimize.com/users/spincus2000
"V Q3 2016 Jul 21, 2016 30 / 192 25 -2 23",https://www.estimize.com/users/spincus2000
"EBAY Q2 2016 Jul 20, 2016 126 / 169 -2 -4 -6",https://www.estimize.com/users/spincus2000
"INTC Q2 2016 Jul 20, 2016 116 / 338 11 -1 10",https://www.estimize.com/users/spincus2000
"NFLX Q2 2016 Jul 18, 2016 365 / 573 9 -6 3",https://www.estimize.com/users/spincus2000
"WBA Q3 2016 Jul 6, 2016 25 / 48 18 -5 13",https://www.estimize.com/users/spincus2000
"MGM Q1 2016 May 5, 2016 21 / 45 -2 8 6",https://www.estimize.com/users/spincus2000
"AMZN Q1 2016 Apr 28, 2016 205 / 484 9 9 18",https://www.estimize.com/users/spincus2000
"META Q1 2016 Apr 27, 2016 421 / 603 12 -5 7",https://www.estimize.com/users/spincus2000
"AAPL Q2 2016 Apr 26, 2016 539 / 994 -2 -3 -5",https://www.estimize.com/users/spincus2000
"GOOGL Q1 2016 Apr 21, 2016 349 / 463 -3 -6 -9",https://www.estimize.com/users/spincus2000
"V Q2 2016 Apr 21, 2016 23 / 137 25 10 35",https://www.estimize.com/users/spincus2000
"YHOO Q1 2016 Apr 19, 2016 108 / 162 -4 -3 -7",https://www.estimize.com/users/spincus2000
"INTC Q1 2016 Apr 19, 2016 102 / 255 13 -3 10",https://www.estimize.com/users/spincus2000
"NFLX Q1 2016 Apr 18, 2016 345 / 435 6 -3 3",https://www.estimize.com/users/spincus2000
"WBA Q2 2016 Apr 5, 2016 28 / 69 18 -7 11",https://www.estimize.com/users/spincus2000
"HPQ Q1 2016 Feb 24, 2016 73 / 85 -2 -13 -15",https://www.estimize.com/users/spincus2000
"BKNG Q4 2015 Feb 17, 2016 173 / 177 -8 -17 -25",https://www.estimize.com/users/spincus2000
"MNDT Q4 2015 Feb 11, 2016 25 / 64 14 -1 13",https://www.estimize.com/users/spincus2000
"TSLA Q4 2015 Feb 10, 2016 34 / 385 10 16 26",https://www.estimize.com/users/spincus2000
"DIS Q1 2016 Feb 9, 2016 243 / 379 9 -3 6",https://www.estimize.com/users/spincus2000
"GOOGL Q4 2015 Feb 1, 2016 182 / 577 11 9 20",https://www.estimize.com/users/spincus2000
"AMZN Q4 2015 Jan 28, 2016 540 / 583 -4 -12 -16",https://www.estimize.com/users/spincus2000
"V Q1 2016 Jan 28, 2016 163 / 179 -5 -18 -23",https://www.estimize.com/users/spincus2000
"HSY Q4 2015 Jan 28, 2016 39 / 41 -22 13 -9",https://www.estimize.com/users/spincus2000
"AAPL Q1 2016 Jan 26, 2016 222 / 1012 22 -4 18",https://www.estimize.com/users/spincus2000
"NFLX Q4 2015 Jan 19, 2016 221 / 441 10 -3 7",https://www.estimize.com/users/spincus2000
"INTC Q4 2015 Jan 14, 2016 71 / 272 9 17 26",https://www.estimize.com/users/spincus2000
"WBA Q1 2016 Jan 7, 2016 46 / 64 11 -5 6",https://www.estimize.com/users/spincus2000
"SQNM Q3 2015 Nov 4, 2015 1 / 6 18 24 42",https://www.estimize.com/users/spincus2000
"META Q3 2015 Nov 4, 2015 68 / 576 19 12 31",https://www.estimize.com/users/spincus2000
"V Q4 2015 Nov 2, 2015 167 / 196 -4 -12 -16",https://www.estimize.com/users/spincus2000
"MGM Q3 2015 Oct 29, 2015 22 / 40 10 -4 6",https://www.estimize.com/users/spincus2000
"INVN Q2 2016 Oct 28, 2015 15 / 42 13 14 27",https://www.estimize.com/users/spincus2000
"WBA Q4 2015 Oct 28, 2015 60 / 64 12 -21 -9",https://www.estimize.com/users/spincus2000
"HSY Q3 2015 Oct 28, 2015 14 / 17 16 -24 -8",https://www.estimize.com/users/spincus2000
"AAPL Q4 2015 Oct 27, 2015 60 / 1186 19 20 39",https://www.estimize.com/users/spincus2000
"AMZN Q3 2015 Oct 22, 2015 100 / 361 13 10 23",https://www.estimize.com/users/spincus2000
"GOOGL Q3 2015 Oct 22, 2015 210 / 370 14 -12 2",https://www.estimize.com/users/spincus2000
"NFLX Q3 2015 Oct 14, 2015 334 / 472 -3 -1 -4",https://www.estimize.com/users/spincus2000
"INTC Q3 2015 Oct 13, 2015 8 / 226 16 22 38",https://www.estimize.com/users/spincus2000
"PEP Q3 2015 Oct 6, 2015 28 / 69 12 11 23",https://www.estimize.com/users/spincus2000
"ADBE Q3 2015 Sep 17, 2015 13 / 37 13 17 30",https://www.estimize.com/users/spincus2000
"RAD Q2 2016 Sep 17, 2015 14 / 31 -1 -3 -4",https://www.estimize.com/users/spincus2000
"ORCL Q1 2016 Sep 16, 2015 2 / 68 25 22 47",https://www.estimize.com/users/spincus2000
"FDX Q1 2016 Sep 16, 2015 11 / 44 -4 21 17",https://www.estimize.com/users/spincus2000
"BBY Q2 2016 Aug 25, 2015 15 / 40 25 25 50",https://www.estimize.com/users/spincus2000
"TGT Q2 2015 Aug 19, 2015 29 / 34 -4 -5 -9",https://www.estimize.com/users/spincus2000
"WMT Q2 2016 Aug 18, 2015 40 / 50 -5 -4 -9",https://www.estimize.com/users/spincus2000
"HD Q2 2015 Aug 18, 2015 55 / 56 -11 -11 -22",https://www.estimize.com/users/spincus2000
"CSCO Q4 2015 Aug 12, 2015 40 / 119 11 12 23",https://www.estimize.com/users/spincus2000
"HSY Q2 2015 Aug 7, 2015 12 / 13 -5 9 4",https://www.estimize.com/users/spincus2000
"TSLA Q2 2015 Aug 5, 2015 59 / 274 18 13 31",https://www.estimize.com/users/spincus2000
"SQNM Q2 2015 Aug 5, 2015 6 / 6 -9 -5 -14",https://www.estimize.com/users/spincus2000
"DIS Q3 2015 Aug 4, 2015 55 / 111 13 -4 9",https://www.estimize.com/users/spincus2000
"INVN Q1 2016 Aug 4, 2015 5 / 31 25 11 36",https://www.estimize.com/users/spincus2000
"ZG Q2 2015 Aug 4, 2015 18 / 48 11 -1 10",https://www.estimize.com/users/spincus2000
"MGM Q2 2015 Aug 4, 2015 7 / 18 15 -2 13",https://www.estimize.com/users/spincus2000
"LNKD Q2 2015 Jul 30, 2015 118 / 139 -4 -4 -8",https://www.estimize.com/users/spincus2000
"META Q2 2015 Jul 29, 2015 417 / 454 -6 -9 -15",https://www.estimize.com/users/spincus2000
"GILD Q2 2015 Jul 28, 2015 107 / 281 10 9 19",https://www.estimize.com/users/spincus2000
"TWTR Q2 2015 Jul 28, 2015 281 / 302 -7 -6 -13",https://www.estimize.com/users/spincus2000
"F Q2 2015 Jul 28, 2015 76 / 100 11 -8 3",https://www.estimize.com/users/spincus2000
"AMZN Q2 2015 Jul 23, 2015 89 / 148 8 9 17",https://www.estimize.com/users/spincus2000
"V Q3 2015 Jul 23, 2015 18 / 76 10 11 21",https://www.estimize.com/users/spincus2000
"UAA Q2 2015 Jul 23, 2015 103 / 103 -25 14 -11",https://www.estimize.com/users/spincus2000
"AAPL Q3 2015 Jul 21, 2015 489 / 607 -6 -3 -9",https://www.estimize.com/users/spincus2000
"YHOO Q2 2015 Jul 21, 2015 19 / 143 25 -5 20",https://www.estimize.com/users/spincus2000
"MSFT Q4 2015 Jul 21, 2015 83 / 122 0 -2 -2",https://www.estimize.com/users/spincus2000
"IBM Q2 2015 Jul 20, 2015 120 / 127 -25 -2 -27",https://www.estimize.com/users/spincus2000
"GOOGL Q2 2015 Jul 16, 2015 77 / 143 14 -5 9",https://www.estimize.com/users/spincus2000
"EBAY Q2 2015 Jul 16, 2015 48 / 94 -8 17 9",https://www.estimize.com/users/spincus2000
"NFLX Q2 2015 Jul 15, 2015 92 / 197 -1 -1 -2",https://www.estimize.com/users/spincus2000
"WBA Q3 2015 Jul 9, 2015 19 / 26 9 -3 6",https://www.estimize.com/users/spincus2000
"ZG Q1 2015 May 12, 2015 17 / 61 13 -3 10",https://www.estimize.com/users/spincus2000
"TSLA Q1 2015 May 6, 2015 2 / 149 25 20 45",https://www.estimize.com/users/spincus2000
"V Q2 2015 Apr 30, 2015 29 / 95 -4 17 13",https://www.estimize.com/users/spincus2000
"AAPL Q2 2015 Apr 27, 2015 298 / 448 -6 11 5",https://www.estimize.com/users/spincus2000
"GOOGL Q1 2015 Apr 23, 2015 90 / 154 -3 -3 -6",https://www.estimize.com/users/spincus2000
"HSY Q1 2015 Apr 23, 2015 3 / 10 11 10 21",https://www.estimize.com/users/spincus2000
"LVS Q1 2015 Apr 22, 2015 19 / 32 -2 -3 -5",https://www.estimize.com/users/spincus2000
"META Q1 2015 Apr 22, 2015 187 / 241 -5 -5 -10",https://www.estimize.com/users/spincus2000
"INTC Q1 2015 Apr 14, 2015 74 / 112 -3 -3 -6",https://www.estimize.com/users/spincus2000
"WBA Q2 2015 Apr 9, 2015 27 / 31 -4 -3 -7",https://www.estimize.com/users/spincus2000
"FDX Q3 2015 Mar 18, 2015 25 / 45 12 -4 8",https://www.estimize.com/users/spincus2000
"SQNM Q4 2014 Mar 4, 2015 6 / 6 6 -4 2",https://www.estimize.com/users/spincus2000
"AZO Q2 2015 Mar 3, 2015 6 / 17 11 11 22",https://www.estimize.com/users/spincus2000
"SODA Q4 2014 Feb 25, 2015 13 / 29 -4 15 11",https://www.estimize.com/users/spincus2000
"HD Q4 2014 Feb 24, 2015 17 / 54 10 10 20",https://www.estimize.com/users/spincus2000
"MGM Q4 2014 Feb 17, 2015 2 / 14 25 11 36",https://www.estimize.com/users/spincus2000
"TWTR Q4 2014 Feb 5, 2015 108 / 126 -5 -4 -9",https://www.estimize.com/users/spincus2000
"UAA Q4 2014 Feb 4, 2015 52 / 82 -5 9 4",https://www.estimize.com/users/spincus2000
"DIS Q1 2015 Feb 3, 2015 15 / 103 10 11 21",https://www.estimize.com/users/spincus2000
"AMZN Q4 2014 Jan 29, 2015 105 / 133 9 -4 5",https://www.estimize.com/users/spincus2000
"INVN Q3 2015 Jan 29, 2015 3 / 27 18 19 37",https://www.estimize.com/users/spincus2000
"HSY Q4 2014 Jan 29, 2015 17 / 17 -6 -4 -10",https://www.estimize.com/users/spincus2000
"F Q4 2014 Jan 29, 2015 40 / 104 15 -4 11",https://www.estimize.com/users/spincus2000
"LVS Q4 2014 Jan 28, 2015 26 / 32 13 -4 9",https://www.estimize.com/users/spincus2000
"META Q4 2014 Jan 28, 2015 8 / 164 25 18 43",https://www.estimize.com/users/spincus2000
"AAPL Q1 2015 Jan 27, 2015 51 / 295 10 13 23",https://www.estimize.com/users/spincus2000
"MSFT Q2 2015 Jan 26, 2015 60 / 127 8 15 23",https://www.estimize.com/users/spincus2000
"EBAY Q4 2014 Jan 21, 2015 26 / 84 25 -4 21",https://www.estimize.com/users/spincus2000
"NFLX Q4 2014 Jan 20, 2015 58 / 141 13 -5 8",https://www.estimize.com/users/spincus2000
"INTC Q4 2014 Jan 15, 2015 53 / 106 17 -3 14",https://www.estimize.com/users/spincus2000
"MU Q1 2015 Jan 6, 2015 10 / 44 19 -3 16",https://www.estimize.com/users/spincus2000
"WBA Q1 2015 Dec 23, 2014 2 / 31 11 23 34",https://www.estimize.com/users/spincus2000
"BB Q3 2015 Dec 19, 2014 119 / 130 -9 -3 -12",https://www.estimize.com/users/spincus2000
"LULU Q3 2014 Dec 11, 2014 28 / 118 -11 25 14",https://www.estimize.com/users/spincus2000
"COST Q1 2015 Dec 10, 2014 17 / 40 17 -6 11",https://www.estimize.com/users/spincus2000
"BKS Q2 2015 Dec 4, 2014 4 / 22 10 20 30",https://www.estimize.com/users/spincus2000
"DG Q3 2014 Dec 4, 2014 13 / 14 -4 -5 -9",https://www.estimize.com/users/spincus2000
"ANF Q3 2014 Dec 3, 2014 22 / 52 22 -3 19",https://www.estimize.com/users/spincus2000
"HPQ Q4 2014 Nov 25, 2014 75 / 100 -2 -4 -6",https://www.estimize.com/users/spincus2000
"TSLA Q3 2014 Nov 5, 2014 140 / 171 -6 8 2",https://www.estimize.com/users/spincus2000
"SQNM Q3 2014 Nov 4, 2014 1 / 3 13 -3 10",https://www.estimize.com/users/spincus2000
"MGM Q3 2014 Oct 30, 2014 14 / 16 -4 -7 -11",https://www.estimize.com/users/spincus2000
"MA Q3 2014 Oct 30, 2014 17 / 72 11 12 23",https://www.estimize.com/users/spincus2000
"HSY Q3 2014 Oct 29, 2014 12 / 17 -6 -1 -7",https://www.estimize.com/users/spincus2000
"INVN Q2 2015 Oct 28, 2014 5 / 24 -3 -1 -4",https://www.estimize.com/users/spincus2000
"META Q3 2014 Oct 28, 2014 3 / 205 25 23 48",https://www.estimize.com/users/spincus2000
"AMZN Q3 2014 Oct 23, 2014 110 / 129 -4 -5 -9",https://www.estimize.com/users/spincus2000
"UAA Q3 2014 Oct 23, 2014 5 / 84 25 22 47",https://www.estimize.com/users/spincus2000
"WOLF Q1 2015 Oct 21, 2014 20 / 20 -5 -9 -14",https://www.estimize.com/users/spincus2000
"GOOGL Q3 2014 Oct 16, 2014 97 / 127 -4 -5 -9",https://www.estimize.com/users/spincus2000
"LVS Q3 2014 Oct 15, 2014 24 / 32 -2 -4 -6",https://www.estimize.com/users/spincus2000
"NFLX Q3 2014 Oct 15, 2014 6 / 113 25 -1 24",https://www.estimize.com/users/spincus2000
"INTC Q3 2014 Oct 14, 2014 16 / 90 25 15 40",https://www.estimize.com/users/spincus2000
"WBA Q4 2014 Sep 30, 2014 17 / 25 -6 -2 -8",https://www.estimize.com/users/spincus2000
"LULU Q2 2014 Sep 11, 2014 22 / 51 -2 20 18",https://www.estimize.com/users/spincus2000
"GME Q2 2014 Aug 21, 2014 23 / 23 -8 -6 -14",https://www.estimize.com/users/spincus2000
"LOW Q2 2014 Aug 20, 2014 11 / 13 -5 -5 -10",https://www.estimize.com/users/spincus2000
"CSCO Q4 2014 Aug 13, 2014 10 / 60 25 12 37",https://www.estimize.com/users/spincus2000
"WOLF Q4 2014 Aug 12, 2014 13 / 22 19 -2 17",https://www.estimize.com/users/spincus2000
"ZNGA Q2 2014 Aug 7, 2014 8 / 48 -5 19 14",https://www.estimize.com/users/spincus2000
"GRPN Q2 2014 Aug 5, 2014 16 / 46 -2 -2 -4",https://www.estimize.com/users/spincus2000
"MGM Q2 2014 Aug 5, 2014 11 / 14 9 -4 5",https://www.estimize.com/users/spincus2000
"TSLA Q2 2014 Jul 31, 2014 38 / 115 11 11 22",https://www.estimize.com/users/spincus2000
"LNKD Q2 2014 Jul 31, 2014 76 / 85 -1 -4 -5",https://www.estimize.com/users/spincus2000
"MA Q2 2014 Jul 31, 2014 39 / 44 -7 -4 -11",https://www.estimize.com/users/spincus2000
"SQNM Q2 2014 Jul 29, 2014 2 / 4 13 -5 8",https://www.estimize.com/users/spincus2000
"INVN Q1 2015 Jul 29, 2014 10 / 19 -5 16 11",https://www.estimize.com/users/spincus2000
"AMZN Q2 2014 Jul 24, 2014 27 / 85 -2 -1 -3",https://www.estimize.com/users/spincus2000
"V Q3 2014 Jul 24, 2014 45 / 52 -11 -1 -12",https://www.estimize.com/users/spincus2000
"HSY Q2 2014 Jul 24, 2014 10 / 10 -25 -4 -29",https://www.estimize.com/users/spincus2000
"META Q2 2014 Jul 23, 2014 75 / 131 9 8 17",https://www.estimize.com/users/spincus2000
"AAPL Q3 2014 Jul 22, 2014 172 / 197 -13 -6 -19",https://www.estimize.com/users/spincus2000
"MSFT Q4 2014 Jul 22, 2014 57 / 78 -3 -4 -7",https://www.estimize.com/users/spincus2000
"NFLX Q2 2014 Jul 21, 2014 20 / 98 -6 22 16",https://www.estimize.com/users/spincus2000
"GOOGL Q2 2014 Jul 17, 2014 70 / 103 -1 11 10",https://www.estimize.com/users/spincus2000
"IBM Q2 2014 Jul 17, 2014 49 / 51 -25 -5 -30",https://www.estimize.com/users/spincus2000
"INTC Q2 2014 Jul 15, 2014 17 / 77 20 -2 18",https://www.estimize.com/users/spincus2000
"WBA Q3 2014 Jun 24, 2014 19 / 25 -7 -2 -9",https://www.estimize.com/users/spincus2000
"MU Q3 2014 Jun 23, 2014 27 / 43 11 7 18",https://www.estimize.com/users/spincus2000
"FDX Q4 2014 Jun 18, 2014 23 / 24 -9 -1 -10",https://www.estimize.com/users/spincus2000
"CRM Q1 2015 May 20, 2014 43 / 50 -25 10 -15",https://www.estimize.com/users/spincus2000
"TSLA Q1 2014 May 7, 2014 15 / 112 19 18 37",https://www.estimize.com/users/spincus2000
"SQNM Q1 2014 May 1, 2014 1 / 2 25 16 41",https://www.estimize.com/users/spincus2000
"INVN Q4 2014 May 1, 2014 5 / 24 -7 25 18",https://www.estimize.com/users/spincus2000
"MGM Q1 2014 Apr 29, 2014 5 / 8 -3 -4 -7",https://www.estimize.com/users/spincus2000
"AMZN Q1 2014 Apr 24, 2014 96 / 96 -25 -17 -42",https://www.estimize.com/users/spincus2000
"V Q2 2014 Apr 24, 2014 52 / 54 11 -18 -7",https://www.estimize.com/users/spincus2000
"MSFT Q3 2014 Apr 24, 2014 72 / 91 7 -4 3",https://www.estimize.com/users/spincus2000
"HSY Q1 2014 Apr 24, 2014 5 / 7 -4 -3 -7",https://www.estimize.com/users/spincus2000
"AAPL Q2 2014 Apr 23, 2014 82 / 178 9 8 17",https://www.estimize.com/users/spincus2000
"META Q1 2014 Apr 23, 2014 23 / 143 12 18 30",https://www.estimize.com/users/spincus2000
"NFLX Q1 2014 Apr 21, 2014 74 / 89 0 -25 -25",https://www.estimize.com/users/spincus2000
"GOOGL Q1 2014 Apr 16, 2014 89 / 110 -5 -3 -8",https://www.estimize.com/users/spincus2000
"INTC Q1 2014 Apr 15, 2014 61 / 80 -8 -6 -14",https://www.estimize.com/users/spincus2000
"WBA Q2 2014 Mar 25, 2014 13 / 17 10 -2 8",https://www.estimize.com/users/spincus2000
"SQNM Q4 2013 Feb 27, 2014 4 / 4 -6 -3 -9",https://www.estimize.com/users/spincus2000
"TSLA Q4 2013 Feb 19, 2014 100 / 116 -4 -5 -9",https://www.estimize.com/users/spincus2000
"MGM Q4 2013 Feb 19, 2014 9 / 9 -4 -4 -8",https://www.estimize.com/users/spincus2000
"AZN Q4 2013 Feb 6, 2014 1 / 3 17 22 39",https://www.estimize.com/users/spincus2000
"AMZN Q4 2013 Jan 30, 2014 54 / 100 10 -9 1",https://www.estimize.com/users/spincus2000
"GOOGL Q4 2013 Jan 30, 2014 109 / 113 -9 -4 -13",https://www.estimize.com/users/spincus2000
"HSY Q4 2013 Jan 30, 2014 3 / 4 -5 11 6",https://www.estimize.com/users/spincus2000
"INVN Q3 2014 Jan 29, 2014 9 / 41 25 -3 22",https://www.estimize.com/users/spincus2000
"NFLX Q4 2013 Jan 22, 2014 70 / 75 -9 -18 -27",https://www.estimize.com/users/spincus2000
