0,URL
"SHOP Q1 2022 May 5, 2022 21 / 58 -3 -2 -5",https://www.estimize.com/users/analyst_3200034
"AAPL Q2 2022 Apr 28, 2022 159 / 282 10 11 21",https://www.estimize.com/users/analyst_3200034
"MSFT Q2 2020 Jan 29, 2020 207 / 299 8 7 15",https://www.estimize.com/users/analyst_3200034
"AMZN Q3 2019 Oct 24, 2019 21 / 393 20 12 32",https://www.estimize.com/users/analyst_3200034
"MSFT Q1 2020 Oct 23, 2019 210 / 303 7 7 14",https://www.estimize.com/users/analyst_3200034
"ORCL Q1 2020 Sep 11, 2019 16 / 95 25 -11 14",https://www.estimize.com/users/analyst_3200034
"ORCL Q4 2019 Jun 19, 2019 85 / 105 -4 -5 -9",https://www.estimize.com/users/analyst_3200034
"ORCL Q3 2019 Mar 14, 2019 78 / 108 16 -11 5",https://www.estimize.com/users/analyst_3200034
"AMZN Q4 2018 Jan 31, 2019 43 / 538 15 23 38",https://www.estimize.com/users/analyst_3200034
"ORCL Q2 2019 Dec 17, 2018 37 / 111 -4 24 20",https://www.estimize.com/users/analyst_3200034
"AMZN Q3 2018 Oct 25, 2018 463 / 530 -8 -2 -10",https://www.estimize.com/users/analyst_3200034
"ORCL Q1 2019 Sep 17, 2018 154 / 163 -25 -7 -32",https://www.estimize.com/users/analyst_3200034
"TSLA Q2 2018 Aug 1, 2018 481 / 485 -25 -25 -50",https://www.estimize.com/users/analyst_3200034
"AMZN Q2 2018 Jul 26, 2018 62 / 529 -5 19 14",https://www.estimize.com/users/analyst_3200034
"ORCL Q4 2018 Jun 19, 2018 25 / 157 20 14 34",https://www.estimize.com/users/analyst_3200034
"TSLA Q1 2018 May 2, 2018 357 / 366 -25 -22 -47",https://www.estimize.com/users/analyst_3200034
"AMZN Q1 2018 Apr 26, 2018 49 / 464 9 21 30",https://www.estimize.com/users/analyst_3200034
"MSFT Q3 2018 Apr 26, 2018 67 / 325 15 11 26",https://www.estimize.com/users/analyst_3200034
"ORCL Q3 2018 Mar 19, 2018 1 / 190 10 24 34",https://www.estimize.com/users/analyst_3200034
"TSLA Q4 2017 Feb 7, 2018 292 / 350 -12 -5 -17",https://www.estimize.com/users/analyst_3200034
"MSFT Q2 2018 Jan 31, 2018 197 / 391 22 -5 17",https://www.estimize.com/users/analyst_3200034
"ORCL Q2 2018 Dec 14, 2017 127 / 179 -16 15 -1",https://www.estimize.com/users/analyst_3200034
"TSLA Q3 2017 Nov 1, 2017 201 / 393 -1 13 12",https://www.estimize.com/users/analyst_3200034
"AMZN Q3 2017 Oct 26, 2017 194 / 478 11 -2 9",https://www.estimize.com/users/analyst_3200034
"MSFT Q1 2018 Oct 26, 2017 296 / 309 -15 9 -6",https://www.estimize.com/users/analyst_3200034
"STX Q1 2018 Oct 23, 2017 9 / 61 15 13 28",https://www.estimize.com/users/analyst_3200034
"AMZN Q2 2017 Jul 27, 2017 106 / 544 -4 17 13",https://www.estimize.com/users/analyst_3200034
"CMG Q2 2017 Jul 25, 2017 70 / 188 14 -2 12",https://www.estimize.com/users/analyst_3200034
"AMZN Q1 2017 Apr 27, 2017 125 / 462 12 12 24",https://www.estimize.com/users/analyst_3200034
