0,URL
"TGT Q4 2019 Mar 3, 2020 57 / 58 -18 -12 -30",https://www.estimize.com/users/analyst_3385885
"BIDU Q4 2019 Feb 27, 2020 89 / 101 17 -25 -8",https://www.estimize.com/users/analyst_3385885
"BABA Q3 2020 Feb 13, 2020 144 / 168 10 -8 2",https://www.estimize.com/users/analyst_3385885
"TMUS Q4 2019 Feb 6, 2020 26 / 26 -11 -11 -22",https://www.estimize.com/users/analyst_3385885
"TWTR Q4 2019 Feb 6, 2020 152 / 159 -13 -10 -23",https://www.estimize.com/users/analyst_3385885
"CMG Q4 2019 Feb 4, 2020 91 / 96 -4 -16 -20",https://www.estimize.com/users/analyst_3385885
"GOOGL Q4 2019 Feb 3, 2020 2 / 289 10 22 32",https://www.estimize.com/users/analyst_3385885
"CAT Q4 2019 Jan 31, 2020 42 / 44 -14 -11 -25",https://www.estimize.com/users/analyst_3385885
"V Q1 2020 Jan 30, 2020 128 / 146 -7 -6 -13",https://www.estimize.com/users/analyst_3385885
"AMZN Q4 2019 Jan 30, 2020 270 / 330 -6 9 3",https://www.estimize.com/users/analyst_3385885
"MSFT Q2 2020 Jan 29, 2020 280 / 299 -6 -4 -10",https://www.estimize.com/users/analyst_3385885
"META Q4 2019 Jan 29, 2020 278 / 295 -6 -20 -26",https://www.estimize.com/users/analyst_3385885
"BA Q4 2019 Jan 29, 2020 89 / 101 -6 -10 -16",https://www.estimize.com/users/analyst_3385885
"EBAY Q4 2019 Jan 28, 2020 79 / 107 25 -25 0",https://www.estimize.com/users/analyst_3385885
"AMD Q4 2019 Jan 28, 2020 158 / 302 15 -2 13",https://www.estimize.com/users/analyst_3385885
"AAPL Q1 2020 Jan 28, 2020 401 / 513 9 -7 2",https://www.estimize.com/users/analyst_3385885
"INTC Q4 2019 Jan 23, 2020 19 / 200 13 12 25",https://www.estimize.com/users/analyst_3385885
"PG Q2 2020 Jan 23, 2020 5 / 38 -6 25 19",https://www.estimize.com/users/analyst_3385885
"TXN Q4 2019 Jan 22, 2020 87 / 89 -18 -18 -36",https://www.estimize.com/users/analyst_3385885
"IBM Q4 2019 Jan 21, 2020 88 / 134 -15 14 -1",https://www.estimize.com/users/analyst_3385885
"NFLX Q4 2019 Jan 21, 2020 136 / 296 24 -11 13",https://www.estimize.com/users/analyst_3385885
"FAST Q4 2019 Jan 17, 2020 24 / 24 -25 -13 -38",https://www.estimize.com/users/analyst_3385885
"GS Q4 2019 Jan 15, 2020 64 / 64 -20 -3 -23",https://www.estimize.com/users/analyst_3385885
"BAC Q4 2019 Jan 15, 2020 96 / 103 7 -14 -7",https://www.estimize.com/users/analyst_3385885
"JPM Q4 2019 Jan 14, 2020 23 / 111 11 11 22",https://www.estimize.com/users/analyst_3385885
"BB Q3 2020 Dec 20, 2019 64 / 66 -7 -25 -32",https://www.estimize.com/users/analyst_3385885
"NKE Q2 2020 Dec 19, 2019 51 / 113 11 8 19",https://www.estimize.com/users/analyst_3385885
"MU Q1 2020 Dec 18, 2019 154 / 161 -25 -25 -50",https://www.estimize.com/users/analyst_3385885
"AVGO Q4 2019 Dec 12, 2019 67 / 68 -25 -25 -50",https://www.estimize.com/users/analyst_3385885
"ORCL Q2 2020 Dec 12, 2019 68 / 80 -5 -10 -15",https://www.estimize.com/users/analyst_3385885
"COST Q1 2020 Dec 12, 2019 81 / 93 -7 -4 -11",https://www.estimize.com/users/analyst_3385885
"ADBE Q4 2019 Dec 12, 2019 103 / 115 18 -25 -7",https://www.estimize.com/users/analyst_3385885
"LULU Q3 2019 Dec 11, 2019 144 / 153 -11 -16 -27",https://www.estimize.com/users/analyst_3385885
"GCO Q3 2020 Dec 6, 2019 7 / 7 -5 -25 -30",https://www.estimize.com/users/analyst_3385885
"CRM Q3 2020 Dec 3, 2019 116 / 144 25 -25 0",https://www.estimize.com/users/analyst_3385885
"HPQ Q4 2019 Nov 26, 2019 37 / 40 10 -25 -15",https://www.estimize.com/users/analyst_3385885
"VMW Q3 2020 Nov 26, 2019 8 / 62 15 13 28",https://www.estimize.com/users/analyst_3385885
"PANW Q1 2020 Nov 25, 2019 78 / 84 -25 -5 -30",https://www.estimize.com/users/analyst_3385885
"BKE Q3 2019 Nov 22, 2019 6 / 6 9 -25 -16",https://www.estimize.com/users/analyst_3385885
"JWN Q3 2019 Nov 21, 2019 24 / 30 17 -11 6",https://www.estimize.com/users/analyst_3385885
"TGT Q3 2019 Nov 20, 2019 61 / 63 -6 -10 -16",https://www.estimize.com/users/analyst_3385885
"HD Q3 2019 Nov 19, 2019 46 / 83 -2 -3 -5",https://www.estimize.com/users/analyst_3385885
"NVDA Q3 2020 Nov 14, 2019 105 / 278 -3 13 10",https://www.estimize.com/users/analyst_3385885
"WPM Q3 2019 Nov 14, 2019 11 / 14 -4 -9 -13",https://www.estimize.com/users/analyst_3385885
"WMT Q3 2020 Nov 14, 2019 96 / 100 -9 -4 -13",https://www.estimize.com/users/analyst_3385885
"CSCO Q1 2020 Nov 13, 2019 125 / 146 9 -13 -4",https://www.estimize.com/users/analyst_3385885
"SWKS Q4 2019 Nov 12, 2019 67 / 68 -25 -25 -50",https://www.estimize.com/users/analyst_3385885
"AXAS Q3 2019 Nov 12, 2019 11 / 13 -14 -6 -20",https://www.estimize.com/users/analyst_3385885
"ERJ Q3 2019 Nov 12, 2019 5 / 5 -20 -14 -34",https://www.estimize.com/users/analyst_3385885
"ATVI Q3 2019 Nov 7, 2019 118 / 121 -14 -25 -39",https://www.estimize.com/users/analyst_3385885
"YELP Q3 2019 Nov 7, 2019 60 / 61 -25 -6 -31",https://www.estimize.com/users/analyst_3385885
"BKNG Q3 2019 Nov 7, 2019 81 / 84 -3 -25 -28",https://www.estimize.com/users/analyst_3385885
"DIS Q4 2019 Nov 7, 2019 190 / 195 -20 -25 -45",https://www.estimize.com/users/analyst_3385885
"XONE Q3 2019 Nov 7, 2019 15 / 15 -20 -14 -34",https://www.estimize.com/users/analyst_3385885
"AMPH Q3 2019 Nov 7, 2019 8 / 8 -25 -16 -41",https://www.estimize.com/users/analyst_3385885
"AVID Q3 2019 Nov 7, 2019 8 / 8 -14 -6 -20",https://www.estimize.com/users/analyst_3385885
"BIDU Q3 2019 Nov 6, 2019 113 / 116 -22 -25 -47",https://www.estimize.com/users/analyst_3385885
"FIT Q3 2019 Nov 6, 2019 58 / 68 -19 -7 -26",https://www.estimize.com/users/analyst_3385885
"SQ Q3 2019 Nov 6, 2019 139 / 146 -13 -5 -18",https://www.estimize.com/users/analyst_3385885
"RRTS Q3 2019 Nov 6, 2019 5 / 5 -4 -7 -11",https://www.estimize.com/users/analyst_3385885
"VPG Q3 2019 Nov 5, 2019 6 / 6 -11 -20 -31",https://www.estimize.com/users/analyst_3385885
"GRPN Q3 2019 Nov 4, 2019 13 / 14 -6 -15 -21",https://www.estimize.com/users/analyst_3385885
"MAR Q3 2019 Nov 4, 2019 19 / 33 -11 12 1",https://www.estimize.com/users/analyst_3385885
"FRTA Q3 2019 Nov 4, 2019 7 / 9 -5 10 5",https://www.estimize.com/users/analyst_3385885
"UAA Q3 2019 Nov 4, 2019 54 / 56 -6 -19 -25",https://www.estimize.com/users/analyst_3385885
"BABA Q2 2020 Nov 1, 2019 117 / 119 -5 -25 -30",https://www.estimize.com/users/analyst_3385885
"META Q3 2019 Oct 30, 2019 263 / 324 -5 -5 -10",https://www.estimize.com/users/analyst_3385885
"AAPL Q4 2019 Oct 30, 2019 441 / 492 -6 -9 -15",https://www.estimize.com/users/analyst_3385885
"NI Q3 2019 Oct 30, 2019 7 / 7 -8 -11 -19",https://www.estimize.com/users/analyst_3385885
"YUM Q3 2019 Oct 30, 2019 32 / 32 -6 -15 -21",https://www.estimize.com/users/analyst_3385885
"AMD Q3 2019 Oct 29, 2019 283 / 323 -8 -15 -23",https://www.estimize.com/users/analyst_3385885
"EA Q2 2020 Oct 29, 2019 84 / 86 -8 -25 -33",https://www.estimize.com/users/analyst_3385885
"MRK Q3 2019 Oct 29, 2019 29 / 31 -5 -9 -14",https://www.estimize.com/users/analyst_3385885
"GOOGL Q3 2019 Oct 28, 2019 262 / 288 -3 -11 -14",https://www.estimize.com/users/analyst_3385885
"TMUS Q3 2019 Oct 28, 2019 38 / 38 -14 -5 -19",https://www.estimize.com/users/analyst_3385885
"V Q4 2019 Oct 24, 2019 151 / 159 5 -25 -20",https://www.estimize.com/users/analyst_3385885
"FSLR Q3 2019 Oct 24, 2019 39 / 56 -5 11 6",https://www.estimize.com/users/analyst_3385885
"AMZN Q3 2019 Oct 24, 2019 385 / 393 -25 -7 -32",https://www.estimize.com/users/analyst_3385885
"INTC Q3 2019 Oct 24, 2019 14 / 178 10 16 26",https://www.estimize.com/users/analyst_3385885
"TWTR Q3 2019 Oct 24, 2019 167 / 170 -9 -9 -18",https://www.estimize.com/users/analyst_3385885
"SAH Q3 2019 Oct 24, 2019 3 / 6 -6 19 13",https://www.estimize.com/users/analyst_3385885
"EBAY Q3 2019 Oct 23, 2019 71 / 88 12 -16 -4",https://www.estimize.com/users/analyst_3385885
"MSFT Q1 2020 Oct 23, 2019 269 / 303 -6 -7 -13",https://www.estimize.com/users/analyst_3385885
"CAT Q3 2019 Oct 23, 2019 54 / 58 -8 -6 -14",https://www.estimize.com/users/analyst_3385885
"BA Q3 2019 Oct 23, 2019 101 / 101 -16 -25 -41",https://www.estimize.com/users/analyst_3385885
"CMG Q3 2019 Oct 22, 2019 120 / 125 -4 -17 -21",https://www.estimize.com/users/analyst_3385885
"TXN Q3 2019 Oct 22, 2019 65 / 75 -7 -9 -16",https://www.estimize.com/users/analyst_3385885
"PG Q1 2020 Oct 22, 2019 41 / 47 -4 -6 -10",https://www.estimize.com/users/analyst_3385885
"KO Q3 2019 Oct 18, 2019 80 / 82 -11 -25 -36",https://www.estimize.com/users/analyst_3385885
"NFLX Q3 2019 Oct 16, 2019 27 / 306 17 -2 15",https://www.estimize.com/users/analyst_3385885
"IBM Q3 2019 Oct 16, 2019 138 / 148 -25 -7 -32",https://www.estimize.com/users/analyst_3385885
"BAC Q3 2019 Oct 16, 2019 91 / 102 -12 9 -3",https://www.estimize.com/users/analyst_3385885
"JPM Q3 2019 Oct 15, 2019 23 / 117 11 11 22",https://www.estimize.com/users/analyst_3385885
"GS Q3 2019 Oct 15, 2019 54 / 56 -9 -7 -16",https://www.estimize.com/users/analyst_3385885
"FAST Q3 2019 Oct 11, 2019 25 / 25 -25 -21 -46",https://www.estimize.com/users/analyst_3385885
"COST Q4 2019 Oct 3, 2019 56 / 121 8 13 21",https://www.estimize.com/users/analyst_3385885
"MU Q4 2019 Sep 26, 2019 223 / 234 -25 -14 -39",https://www.estimize.com/users/analyst_3385885
"NKE Q1 2020 Sep 24, 2019 5 / 125 21 20 41",https://www.estimize.com/users/analyst_3385885
"BB Q2 2020 Sep 24, 2019 77 / 79 -6 -25 -31",https://www.estimize.com/users/analyst_3385885
"ADBE Q3 2019 Sep 17, 2019 110 / 146 13 -5 8",https://www.estimize.com/users/analyst_3385885
"AVGO Q3 2019 Sep 12, 2019 98 / 98 -25 -25 -50",https://www.estimize.com/users/analyst_3385885
"ORCL Q1 2020 Sep 11, 2019 65 / 95 -2 -5 -7",https://www.estimize.com/users/analyst_3385885
"GCO Q2 2020 Sep 6, 2019 9 / 9 13 -25 -12",https://www.estimize.com/users/analyst_3385885
"LULU Q2 2019 Sep 5, 2019 136 / 149 -6 -5 -11",https://www.estimize.com/users/analyst_3385885
"PANW Q4 2019 Sep 4, 2019 88 / 93 -19 -2 -21",https://www.estimize.com/users/analyst_3385885
"BKE Q2 2019 Aug 23, 2019 3 / 6 10 -10 0",https://www.estimize.com/users/analyst_3385885
"CRM Q2 2020 Aug 22, 2019 136 / 185 17 -5 12",https://www.estimize.com/users/analyst_3385885
"VMW Q2 2020 Aug 22, 2019 80 / 80 -7 -12 -19",https://www.estimize.com/users/analyst_3385885
"HPQ Q3 2019 Aug 22, 2019 52 / 55 11 -25 -14",https://www.estimize.com/users/analyst_3385885
"JWN Q2 2019 Aug 21, 2019 37 / 39 13 -9 4",https://www.estimize.com/users/analyst_3385885
"TGT Q2 2019 Aug 21, 2019 50 / 54 -6 -8 -14",https://www.estimize.com/users/analyst_3385885
"HD Q2 2019 Aug 20, 2019 72 / 85 10 -11 -1",https://www.estimize.com/users/analyst_3385885
"BIDU Q2 2019 Aug 19, 2019 169 / 182 -13 -25 -38",https://www.estimize.com/users/analyst_3385885
"NVDA Q2 2020 Aug 15, 2019 258 / 287 -3 -5 -8",https://www.estimize.com/users/analyst_3385885
"WMT Q2 2020 Aug 15, 2019 56 / 98 11 -4 7",https://www.estimize.com/users/analyst_3385885
"BABA Q1 2020 Aug 15, 2019 103 / 157 8 -6 2",https://www.estimize.com/users/analyst_3385885
"CSCO Q4 2019 Aug 14, 2019 118 / 140 -5 -8 -13",https://www.estimize.com/users/analyst_3385885
"ERJ Q2 2019 Aug 14, 2019 9 / 9 -21 -17 -38",https://www.estimize.com/users/analyst_3385885
"ATVI Q2 2019 Aug 8, 2019 104 / 115 8 -25 -17",https://www.estimize.com/users/analyst_3385885
"YELP Q2 2019 Aug 8, 2019 59 / 61 -25 -11 -36",https://www.estimize.com/users/analyst_3385885
"WPM Q2 2019 Aug 8, 2019 15 / 18 -7 -5 -12",https://www.estimize.com/users/analyst_3385885
"SWKS Q3 2019 Aug 7, 2019 74 / 75 -25 -25 -50",https://www.estimize.com/users/analyst_3385885
"XONE Q2 2019 Aug 7, 2019 5 / 11 -1 -3 -4",https://www.estimize.com/users/analyst_3385885
"BKNG Q2 2019 Aug 7, 2019 41 / 82 20 -7 13",https://www.estimize.com/users/analyst_3385885
"AMPH Q2 2019 Aug 7, 2019 5 / 7 7 10 17",https://www.estimize.com/users/analyst_3385885
"AXAS Q2 2019 Aug 7, 2019 8 / 12 -6 -4 -10",https://www.estimize.com/users/analyst_3385885
"RRTS Q2 2019 Aug 7, 2019 4 / 4 -3 -6 -9",https://www.estimize.com/users/analyst_3385885
"DIS Q3 2019 Aug 6, 2019 216 / 223 -7 -12 -19",https://www.estimize.com/users/analyst_3385885
"VPG Q2 2019 Aug 6, 2019 5 / 5 -12 -10 -22",https://www.estimize.com/users/analyst_3385885
"AVID Q2 2019 Aug 5, 2019 7 / 7 -16 -4 -20",https://www.estimize.com/users/analyst_3385885
"MAR Q2 2019 Aug 5, 2019 36 / 37 -15 -7 -22",https://www.estimize.com/users/analyst_3385885
"FRTA Q2 2019 Aug 5, 2019 17 / 17 -25 -8 -33",https://www.estimize.com/users/analyst_3385885
"FSLR Q2 2019 Aug 1, 2019 68 / 70 -15 -8 -23",https://www.estimize.com/users/analyst_3385885
"SQ Q2 2019 Aug 1, 2019 158 / 163 -25 -5 -30",https://www.estimize.com/users/analyst_3385885
"YUM Q2 2019 Aug 1, 2019 1 / 34 25 22 47",https://www.estimize.com/users/analyst_3385885
"FIT Q2 2019 Jul 31, 2019 80 / 103 25 -25 0",https://www.estimize.com/users/analyst_3385885
"NI Q2 2019 Jul 31, 2019 6 / 6 -12 -4 -16",https://www.estimize.com/users/analyst_3385885
"EA Q1 2020 Jul 30, 2019 99 / 107 15 -25 -10",https://www.estimize.com/users/analyst_3385885
"AMD Q2 2019 Jul 30, 2019 85 / 329 -3 24 21",https://www.estimize.com/users/analyst_3385885
"GRPN Q2 2019 Jul 30, 2019 17 / 19 -8 -8 -16",https://www.estimize.com/users/analyst_3385885
"AAPL Q3 2019 Jul 30, 2019 321 / 553 19 -6 13",https://www.estimize.com/users/analyst_3385885
"MRK Q2 2019 Jul 30, 2019 33 / 34 -5 -6 -11",https://www.estimize.com/users/analyst_3385885
"PG Q4 2019 Jul 30, 2019 39 / 43 -7 -8 -15",https://www.estimize.com/users/analyst_3385885
"UAA Q2 2019 Jul 30, 2019 48 / 91 15 -5 10",https://www.estimize.com/users/analyst_3385885
"TWTR Q2 2019 Jul 26, 2019 79 / 198 -5 21 16",https://www.estimize.com/users/analyst_3385885
"TMUS Q2 2019 Jul 25, 2019 39 / 40 4 -4 0",https://www.estimize.com/users/analyst_3385885
"AMZN Q2 2019 Jul 25, 2019 188 / 386 -6 16 10",https://www.estimize.com/users/analyst_3385885
"INTC Q2 2019 Jul 25, 2019 6 / 212 22 14 36",https://www.estimize.com/users/analyst_3385885
"GOOGL Q2 2019 Jul 25, 2019 76 / 334 8 14 22",https://www.estimize.com/users/analyst_3385885
"SAH Q2 2019 Jul 25, 2019 2 / 6 -4 12 8",https://www.estimize.com/users/analyst_3385885
"META Q2 2019 Jul 24, 2019 371 / 410 -9 -7 -16",https://www.estimize.com/users/analyst_3385885
"BA Q2 2019 Jul 24, 2019 87 / 97 -4 -11 -15",https://www.estimize.com/users/analyst_3385885
"CAT Q2 2019 Jul 24, 2019 56 / 59 -6 -10 -16",https://www.estimize.com/users/analyst_3385885
"V Q3 2019 Jul 23, 2019 157 / 164 -8 -14 -22",https://www.estimize.com/users/analyst_3385885
"CMG Q2 2019 Jul 23, 2019 78 / 103 9 -9 0",https://www.estimize.com/users/analyst_3385885
"TXN Q2 2019 Jul 23, 2019 59 / 81 12 -3 9",https://www.estimize.com/users/analyst_3385885
"KO Q2 2019 Jul 23, 2019 64 / 73 -11 -4 -15",https://www.estimize.com/users/analyst_3385885
"MSFT Q4 2019 Jul 18, 2019 228 / 349 8 8 16",https://www.estimize.com/users/analyst_3385885
"EBAY Q2 2019 Jul 17, 2019 84 / 104 -7 -2 -9",https://www.estimize.com/users/analyst_3385885
"NFLX Q2 2019 Jul 17, 2019 195 / 338 -16 21 5",https://www.estimize.com/users/analyst_3385885
"IBM Q2 2019 Jul 17, 2019 127 / 140 -5 -11 -16",https://www.estimize.com/users/analyst_3385885
"BAC Q2 2019 Jul 17, 2019 88 / 101 6 -13 -7",https://www.estimize.com/users/analyst_3385885
"JPM Q2 2019 Jul 16, 2019 7 / 134 25 20 45",https://www.estimize.com/users/analyst_3385885
"GS Q2 2019 Jul 16, 2019 26 / 63 15 15 30",https://www.estimize.com/users/analyst_3385885
"FAST Q2 2019 Jul 11, 2019 24 / 27 -25 -4 -29",https://www.estimize.com/users/analyst_3385885
"NKE Q4 2019 Jun 27, 2019 122 / 137 -11 -8 -19",https://www.estimize.com/users/analyst_3385885
"BB Q1 2020 Jun 26, 2019 104 / 106 -3 -25 -28",https://www.estimize.com/users/analyst_3385885
"MU Q3 2019 Jun 25, 2019 207 / 246 -4 -7 -11",https://www.estimize.com/users/analyst_3385885
"ORCL Q4 2019 Jun 19, 2019 77 / 105 9 -8 1",https://www.estimize.com/users/analyst_3385885
"ADBE Q2 2019 Jun 18, 2019 105 / 142 -19 25 6",https://www.estimize.com/users/analyst_3385885
"AVGO Q2 2019 Jun 13, 2019 85 / 95 -4 -8 -12",https://www.estimize.com/users/analyst_3385885
"LULU Q1 2019 Jun 12, 2019 134 / 153 -4 -5 -9",https://www.estimize.com/users/analyst_3385885
"CRM Q1 2020 Jun 4, 2019 1 / 167 10 24 34",https://www.estimize.com/users/analyst_3385885
"GCO Q1 2020 May 31, 2019 5 / 5 -5 -17 -22",https://www.estimize.com/users/analyst_3385885
"COST Q3 2019 May 30, 2019 15 / 105 8 21 29",https://www.estimize.com/users/analyst_3385885
"VMW Q1 2020 May 30, 2019 6 / 63 19 13 32",https://www.estimize.com/users/analyst_3385885
"PANW Q3 2019 May 29, 2019 68 / 104 21 -8 13",https://www.estimize.com/users/analyst_3385885
"BKE Q1 2019 May 24, 2019 5 / 6 -9 -2 -11",https://www.estimize.com/users/analyst_3385885
"HPQ Q2 2019 May 23, 2019 48 / 56 12 -25 -13",https://www.estimize.com/users/analyst_3385885
"TGT Q1 2019 May 22, 2019 45 / 71 11 -8 3",https://www.estimize.com/users/analyst_3385885
"JWN Q1 2019 May 21, 2019 36 / 40 -5 -5 -10",https://www.estimize.com/users/analyst_3385885
"HD Q1 2019 May 21, 2019 35 / 92 11 16 27",https://www.estimize.com/users/analyst_3385885
"BIDU Q1 2019 May 16, 2019 82 / 130 -2 -3 -5",https://www.estimize.com/users/analyst_3385885
"NVDA Q1 2020 May 16, 2019 277 / 341 -3 -5 -8",https://www.estimize.com/users/analyst_3385885
"WMT Q1 2020 May 16, 2019 24 / 102 19 -3 16",https://www.estimize.com/users/analyst_3385885
"CSCO Q3 2019 May 15, 2019 115 / 144 -2 -6 -8",https://www.estimize.com/users/analyst_3385885
"ERJ Q1 2019 May 15, 2019 6 / 6 -19 -7 -26",https://www.estimize.com/users/analyst_3385885
"BABA Q4 2019 May 15, 2019 36 / 193 9 20 29",https://www.estimize.com/users/analyst_3385885
"MAR Q1 2019 May 10, 2019 37 / 43 9 -6 3",https://www.estimize.com/users/analyst_3385885
"BKNG Q1 2019 May 9, 2019 89 / 100 -12 -10 -22",https://www.estimize.com/users/analyst_3385885
"AMPH Q1 2019 May 9, 2019 6 / 8 21 -8 13",https://www.estimize.com/users/analyst_3385885
"YELP Q1 2019 May 9, 2019 61 / 67 -25 -5 -30",https://www.estimize.com/users/analyst_3385885
"XONE Q1 2019 May 9, 2019 5 / 11 18 -5 13",https://www.estimize.com/users/analyst_3385885
"PETX Q1 2019 May 8, 2019 1 / 9 25 -5 20",https://www.estimize.com/users/analyst_3385885
"DIS Q2 2019 May 8, 2019 163 / 228 -19 19 0",https://www.estimize.com/users/analyst_3385885
"WPM Q1 2019 May 8, 2019 5 / 16 25 -4 21",https://www.estimize.com/users/analyst_3385885
"EA Q4 2019 May 7, 2019 99 / 121 -5 9 4",https://www.estimize.com/users/analyst_3385885
"KEYW Q1 2019 May 7, 2019 4 / 11 13 -5 8",https://www.estimize.com/users/analyst_3385885
"RRTS Q1 2019 May 7, 2019 3 / 4 9 -4 5",https://www.estimize.com/users/analyst_3385885
"VPG Q1 2019 May 7, 2019 1 / 5 12 14 26",https://www.estimize.com/users/analyst_3385885
"AVID Q1 2019 May 6, 2019 2 / 9 18 18 36",https://www.estimize.com/users/analyst_3385885
"AXAS Q1 2019 May 6, 2019 8 / 13 -6 10 4",https://www.estimize.com/users/analyst_3385885
"FRTA Q1 2019 May 6, 2019 11 / 11 -25 -25 -50",https://www.estimize.com/users/analyst_3385885
"SWKS Q2 2019 May 2, 2019 64 / 67 -11 -25 -36",https://www.estimize.com/users/analyst_3385885
"ATVI Q1 2019 May 2, 2019 123 / 138 -10 -10 -20",https://www.estimize.com/users/analyst_3385885
"FSLR Q1 2019 May 2, 2019 63 / 76 -4 -4 -8",https://www.estimize.com/users/analyst_3385885
"UAA Q1 2019 May 2, 2019 57 / 88 18 -4 14",https://www.estimize.com/users/analyst_3385885
"FIT Q1 2019 May 1, 2019 68 / 92 17 -13 4",https://www.estimize.com/users/analyst_3385885
"SQ Q1 2019 May 1, 2019 182 / 190 -25 -9 -34",https://www.estimize.com/users/analyst_3385885
"NI Q1 2019 May 1, 2019 7 / 7 -5 -6 -11",https://www.estimize.com/users/analyst_3385885
"YUM Q1 2019 May 1, 2019 39 / 43 -4 -6 -10",https://www.estimize.com/users/analyst_3385885
"GRPN Q1 2019 Apr 30, 2019 16 / 23 14 -6 8",https://www.estimize.com/users/analyst_3385885
"AMD Q1 2019 Apr 30, 2019 79 / 352 -1 24 23",https://www.estimize.com/users/analyst_3385885
"AAPL Q2 2019 Apr 30, 2019 52 / 556 20 24 44",https://www.estimize.com/users/analyst_3385885
"MRK Q1 2019 Apr 30, 2019 1 / 30 20 21 41",https://www.estimize.com/users/analyst_3385885
"GOOGL Q1 2019 Apr 29, 2019 252 / 329 8 -4 4",https://www.estimize.com/users/analyst_3385885
"AMZN Q1 2019 Apr 25, 2019 68 / 441 9 -1 8",https://www.estimize.com/users/analyst_3385885
"INTC Q1 2019 Apr 25, 2019 57 / 214 21 -1 20",https://www.estimize.com/users/analyst_3385885
"TMUS Q1 2019 Apr 25, 2019 1 / 49 22 24 46",https://www.estimize.com/users/analyst_3385885
"SAH Q1 2019 Apr 25, 2019 5 / 7 22 -14 8",https://www.estimize.com/users/analyst_3385885
"V Q2 2019 Apr 24, 2019 102 / 152 19 -6 13",https://www.estimize.com/users/analyst_3385885
"MSFT Q3 2019 Apr 24, 2019 109 / 324 10 11 21",https://www.estimize.com/users/analyst_3385885
"CMG Q1 2019 Apr 24, 2019 79 / 115 -3 -4 -7",https://www.estimize.com/users/analyst_3385885
"META Q1 2019 Apr 24, 2019 310 / 456 8 -3 5",https://www.estimize.com/users/analyst_3385885
"BA Q1 2019 Apr 24, 2019 116 / 135 -10 -9 -19",https://www.estimize.com/users/analyst_3385885
"CAT Q1 2019 Apr 24, 2019 68 / 81 -6 -6 -12",https://www.estimize.com/users/analyst_3385885
"EBAY Q1 2019 Apr 23, 2019 57 / 119 9 11 20",https://www.estimize.com/users/analyst_3385885
"TXN Q1 2019 Apr 23, 2019 24 / 93 12 12 24",https://www.estimize.com/users/analyst_3385885
"TWTR Q1 2019 Apr 23, 2019 125 / 235 13 -4 9",https://www.estimize.com/users/analyst_3385885
"PG Q3 2019 Apr 23, 2019 42 / 59 -7 -3 -10",https://www.estimize.com/users/analyst_3385885
"KO Q1 2019 Apr 23, 2019 56 / 88 12 -4 8",https://www.estimize.com/users/analyst_3385885
"NFLX Q1 2019 Apr 16, 2019 80 / 365 11 16 27",https://www.estimize.com/users/analyst_3385885
"IBM Q1 2019 Apr 16, 2019 61 / 183 20 -3 17",https://www.estimize.com/users/analyst_3385885
"BAC Q1 2019 Apr 16, 2019 66 / 142 12 -4 8",https://www.estimize.com/users/analyst_3385885
"GS Q1 2019 Apr 15, 2019 38 / 83 10 -2 8",https://www.estimize.com/users/analyst_3385885
"JPM Q1 2019 Apr 12, 2019 15 / 154 11 14 25",https://www.estimize.com/users/analyst_3385885
"FAST Q1 2019 Apr 11, 2019 15 / 32 14 9 23",https://www.estimize.com/users/analyst_3385885
"BB Q4 2019 Mar 29, 2019 52 / 115 9 9 18",https://www.estimize.com/users/analyst_3385885
"LULU Q4 2018 Mar 27, 2019 48 / 134 11 16 27",https://www.estimize.com/users/analyst_3385885
"NKE Q3 2019 Mar 21, 2019 66 / 142 10 10 20",https://www.estimize.com/users/analyst_3385885
"MU Q2 2019 Mar 20, 2019 110 / 276 -1 -1 -2",https://www.estimize.com/users/analyst_3385885
"WPM Q4 2018 Mar 20, 2019 10 / 20 16 -3 13",https://www.estimize.com/users/analyst_3385885
"BKE Q4 2018 Mar 15, 2019 6 / 7 -8 -1 -9",https://www.estimize.com/users/analyst_3385885
"AVGO Q1 2019 Mar 14, 2019 47 / 93 11 -2 9",https://www.estimize.com/users/analyst_3385885
"ADBE Q1 2019 Mar 14, 2019 47 / 159 11 13 24",https://www.estimize.com/users/analyst_3385885
"ORCL Q3 2019 Mar 14, 2019 17 / 108 10 24 34",https://www.estimize.com/users/analyst_3385885
"AVID Q4 2018 Mar 14, 2019 2 / 10 -5 14 9",https://www.estimize.com/users/analyst_3385885
"GCO Q4 2019 Mar 14, 2019 10 / 11 -3 -3 -6",https://www.estimize.com/users/analyst_3385885
"ERJ Q4 2018 Mar 14, 2019 4 / 6 0 -4 -4",https://www.estimize.com/users/analyst_3385885
"XONE Q4 2018 Mar 14, 2019 9 / 12 11 -5 6",https://www.estimize.com/users/analyst_3385885
"AMOT Q4 2018 Mar 13, 2019 1 / 5 -3 10 7",https://www.estimize.com/users/analyst_3385885
"AXAS Q4 2018 Mar 13, 2019 2 / 12 -3 13 10",https://www.estimize.com/users/analyst_3385885
"PETX Q4 2018 Mar 12, 2019 2 / 14 17 -1 16",https://www.estimize.com/users/analyst_3385885
"AMPH Q4 2018 Mar 12, 2019 6 / 10 9 9 18",https://www.estimize.com/users/analyst_3385885
"KEYW Q4 2018 Mar 12, 2019 11 / 13 -8 -4 -12",https://www.estimize.com/users/analyst_3385885
"RRTS Q4 2018 Mar 12, 2019 5 / 5 -4 -5 -9",https://www.estimize.com/users/analyst_3385885
"FRTA Q4 2018 Mar 11, 2019 10 / 13 -1 -3 -4",https://www.estimize.com/users/analyst_3385885
"COST Q2 2019 Mar 7, 2019 38 / 100 10 -3 7",https://www.estimize.com/users/analyst_3385885
"CRM Q4 2019 Mar 4, 2019 93 / 214 9 16 25",https://www.estimize.com/users/analyst_3385885
"VMW Q4 2019 Feb 28, 2019 14 / 82 12 20 32",https://www.estimize.com/users/analyst_3385885
"MAR Q4 2018 Feb 28, 2019 33 / 70 21 -7 14",https://www.estimize.com/users/analyst_3385885
"JWN Q4 2018 Feb 28, 2019 9 / 58 21 -3 18",https://www.estimize.com/users/analyst_3385885
"SQ Q4 2018 Feb 27, 2019 196 / 227 -25 13 -12",https://www.estimize.com/users/analyst_3385885
"FIT Q4 2018 Feb 27, 2019 125 / 135 11 -25 -14",https://www.estimize.com/users/analyst_3385885
"HPQ Q1 2019 Feb 27, 2019 39 / 55 -2 -4 -6",https://www.estimize.com/users/analyst_3385885
"BKNG Q4 2018 Feb 27, 2019 44 / 101 10 -2 8",https://www.estimize.com/users/analyst_3385885
"PANW Q2 2019 Feb 26, 2019 43 / 103 10 10 20",https://www.estimize.com/users/analyst_3385885
"HD Q4 2018 Feb 26, 2019 78 / 132 10 -3 7",https://www.estimize.com/users/analyst_3385885
"FSLR Q4 2018 Feb 21, 2019 64 / 66 -11 -3 -14",https://www.estimize.com/users/analyst_3385885
"BIDU Q4 2018 Feb 21, 2019 7 / 143 17 23 40",https://www.estimize.com/users/analyst_3385885
"NI Q4 2018 Feb 20, 2019 1 / 5 25 12 37",https://www.estimize.com/users/analyst_3385885
"VPG Q4 2018 Feb 20, 2019 4 / 5 -3 7 4",https://www.estimize.com/users/analyst_3385885
"SAH Q4 2018 Feb 20, 2019 6 / 8 -8 9 1",https://www.estimize.com/users/analyst_3385885
"WMT Q4 2019 Feb 19, 2019 91 / 154 10 -4 6",https://www.estimize.com/users/analyst_3385885
"NVDA Q4 2019 Feb 14, 2019 159 / 458 19 -1 18",https://www.estimize.com/users/analyst_3385885
"KO Q4 2018 Feb 14, 2019 32 / 110 -2 -1 -3",https://www.estimize.com/users/analyst_3385885
"YELP Q4 2018 Feb 13, 2019 23 / 93 -4 19 15",https://www.estimize.com/users/analyst_3385885
"CSCO Q2 2019 Feb 13, 2019 1 / 162 25 25 50",https://www.estimize.com/users/analyst_3385885
"ATVI Q4 2018 Feb 12, 2019 153 / 164 -8 -5 -13",https://www.estimize.com/users/analyst_3385885
"GRPN Q4 2018 Feb 12, 2019 29 / 40 -11 14 3",https://www.estimize.com/users/analyst_3385885
"UAA Q4 2018 Feb 12, 2019 49 / 140 11 14 25",https://www.estimize.com/users/analyst_3385885
"YUM Q4 2018 Feb 7, 2019 63 / 68 -4 -3 -7",https://www.estimize.com/users/analyst_3385885
"TWTR Q4 2018 Feb 7, 2019 5 / 242 20 22 42",https://www.estimize.com/users/analyst_3385885
"SWKS Q1 2019 Feb 5, 2019 79 / 91 -8 -3 -11",https://www.estimize.com/users/analyst_3385885
"EA Q3 2019 Feb 5, 2019 66 / 115 -1 -3 -4",https://www.estimize.com/users/analyst_3385885
"DIS Q1 2019 Feb 5, 2019 99 / 200 8 14 22",https://www.estimize.com/users/analyst_3385885
"MRK Q4 2018 Feb 1, 2019 32 / 63 -3 15 12",https://www.estimize.com/users/analyst_3385885
"BA Q4 2018 Jan 30, 2019 43 / 122 10 9 19",https://www.estimize.com/users/analyst_3385885
"CAT Q4 2018 Jan 28, 2019 78 / 106 -4 -2 -6",https://www.estimize.com/users/analyst_3385885
"TXN Q4 2018 Jan 23, 2019 30 / 128 25 -3 22",https://www.estimize.com/users/analyst_3385885
"PG Q2 2019 Jan 23, 2019 11 / 71 17 11 28",https://www.estimize.com/users/analyst_3385885
