0,URL
"DE Q4 2022 Nov 23, 2022 1 / 19 22 13 35",https://www.estimize.com/users/analyst_9043503
"VMW Q3 2023 Nov 22, 2022 20 / 23 -6 -3 -9",https://www.estimize.com/users/analyst_9043503
"A Q4 2022 Nov 21, 2022 2 / 15 23 9 32",https://www.estimize.com/users/analyst_9043503
"AMAT Q4 2022 Nov 17, 2022 7 / 36 16 13 29",https://www.estimize.com/users/analyst_9043503
"PANW Q1 2023 Nov 17, 2022 27 / 45 19 -3 16",https://www.estimize.com/users/analyst_9043503
"HP Q4 2022 Nov 16, 2022 1 / 13 -2 21 19",https://www.estimize.com/users/analyst_9043503
"WMT Q3 2023 Nov 15, 2022 1 / 52 21 17 38",https://www.estimize.com/users/analyst_9043503
"HD Q3 2022 Nov 15, 2022 6 / 41 23 13 36",https://www.estimize.com/users/analyst_9043503
"TTWO Q2 2023 Nov 7, 2022 22 / 24 -10 -6 -16",https://www.estimize.com/users/analyst_9043503
"TRIP Q3 2022 Nov 7, 2022 20 / 20 -9 13 4",https://www.estimize.com/users/analyst_9043503
"LNG Q3 2022 Nov 3, 2022 4 / 6 -4 14 10",https://www.estimize.com/users/analyst_9043503
"QCOM Q4 2022 Nov 2, 2022 44 / 56 -5 -5 -10",https://www.estimize.com/users/analyst_9043503
"CVS Q3 2022 Nov 2, 2022 12 / 27 12 12 24",https://www.estimize.com/users/analyst_9043503
"MCK Q2 2023 Nov 1, 2022 4 / 4 -14 -10 -24",https://www.estimize.com/users/analyst_9043503
"LLY Q3 2022 Nov 1, 2022 11 / 17 13 -12 1",https://www.estimize.com/users/analyst_9043503
"ETN Q3 2022 Nov 1, 2022 5 / 5 -25 -25 -50",https://www.estimize.com/users/analyst_9043503
"NXPI Q3 2022 Oct 31, 2022 26 / 30 13 -18 -5",https://www.estimize.com/users/analyst_9043503
"WMB Q3 2022 Oct 31, 2022 1 / 12 11 22 33",https://www.estimize.com/users/analyst_9043503
"AMZN Q3 2022 Oct 27, 2022 86 / 144 16 -6 10",https://www.estimize.com/users/analyst_9043503
"AAPL Q4 2022 Oct 27, 2022 130 / 215 -3 12 9",https://www.estimize.com/users/analyst_9043503
"MCD Q3 2022 Oct 27, 2022 7 / 41 13 18 31",https://www.estimize.com/users/analyst_9043503
"URI Q3 2022 Oct 26, 2022 4 / 8 18 -3 15",https://www.estimize.com/users/analyst_9043503
"TXN Q3 2022 Oct 25, 2022 27 / 40 17 -6 11",https://www.estimize.com/users/analyst_9043503
"CMG Q3 2022 Oct 25, 2022 15 / 29 22 -13 9",https://www.estimize.com/users/analyst_9043503
"V Q4 2022 Oct 25, 2022 51 / 62 -7 11 4",https://www.estimize.com/users/analyst_9043503
"GOOGL Q3 2022 Oct 25, 2022 139 / 159 -5 -5 -10",https://www.estimize.com/users/analyst_9043503
"MSFT Q1 2023 Oct 25, 2022 60 / 142 -4 22 18",https://www.estimize.com/users/analyst_9043503
"UAL Q3 2022 Oct 18, 2022 8 / 21 15 -5 10",https://www.estimize.com/users/analyst_9043503
"DAL Q3 2022 Oct 13, 2022 18 / 22 -12 13 1",https://www.estimize.com/users/analyst_9043503
"PEP Q3 2022 Oct 12, 2022 3 / 39 18 11 29",https://www.estimize.com/users/analyst_9043503
"LEVI Q3 2022 Oct 6, 2022 13 / 15 6 -3 3",https://www.estimize.com/users/analyst_9043503
"MKC Q3 2022 Oct 6, 2022 14 / 15 -7 -24 -31",https://www.estimize.com/users/analyst_9043503
"RPM Q1 2023 Oct 5, 2022 1 / 5 21 23 44",https://www.estimize.com/users/analyst_9043503
"LW Q1 2023 Oct 5, 2022 1 / 9 21 -6 15",https://www.estimize.com/users/analyst_9043503
"AYI Q4 2022 Oct 4, 2022 3 / 10 21 17 38",https://www.estimize.com/users/analyst_9043503
"THO Q4 2022 Sep 28, 2022 14 / 16 11 -8 3",https://www.estimize.com/users/analyst_9043503
"COST Q4 2022 Sep 22, 2022 48 / 50 -25 -5 -30",https://www.estimize.com/users/analyst_9043503
"ACN Q4 2022 Sep 22, 2022 10 / 11 -9 -10 -19",https://www.estimize.com/users/analyst_9043503
"TCOM Q2 2022 Sep 21, 2022 4 / 11 -6 15 9",https://www.estimize.com/users/analyst_9043503
"LEN Q3 2022 Sep 21, 2022 11 / 12 -3 -6 -9",https://www.estimize.com/users/analyst_9043503
"KBH Q3 2022 Sep 21, 2022 4 / 8 18 -3 15",https://www.estimize.com/users/analyst_9043503
"AZO Q4 2022 Sep 19, 2022 15 / 23 20 -4 16",https://www.estimize.com/users/analyst_9043503
"ADBE Q3 2022 Sep 15, 2022 55 / 57 -25 -6 -31",https://www.estimize.com/users/analyst_9043503
"ZS Q4 2022 Sep 8, 2022 14 / 30 9 15 24",https://www.estimize.com/users/analyst_9043503
"PLAY Q2 2022 Sep 7, 2022 3 / 9 -4 13 9",https://www.estimize.com/users/analyst_9043503
"AVGO Q3 2022 Sep 1, 2022 35 / 41 8 -3 5",https://www.estimize.com/users/analyst_9043503
"LULU Q2 2022 Sep 1, 2022 5 / 39 13 12 25",https://www.estimize.com/users/analyst_9043503
"PSTG Q2 2023 Aug 31, 2022 1 / 5 21 15 36",https://www.estimize.com/users/analyst_9043503
"MDB Q2 2023 Aug 31, 2022 18 / 21 -14 19 5",https://www.estimize.com/users/analyst_9043503
"CRWD Q2 2023 Aug 30, 2022 1 / 38 21 25 46",https://www.estimize.com/users/analyst_9043503
"PLAB Q3 2022 Aug 30, 2022 9 / 11 -5 8 3",https://www.estimize.com/users/analyst_9043503
"HEI Q3 2022 Aug 29, 2022 6 / 10 -5 13 8",https://www.estimize.com/users/analyst_9043503
"ULTA Q2 2022 Aug 25, 2022 7 / 18 12 11 23",https://www.estimize.com/users/analyst_9043503
"TITN Q2 2023 Aug 25, 2022 2 / 3 10 9 19",https://www.estimize.com/users/analyst_9043503
"DLTR Q2 2022 Aug 25, 2022 16 / 17 -11 -11 -22",https://www.estimize.com/users/analyst_9043503
"NVDA Q2 2023 Aug 24, 2022 102 / 161 -5 -4 -9",https://www.estimize.com/users/analyst_9043503
"WSM Q2 2022 Aug 24, 2022 3 / 13 16 18 34",https://www.estimize.com/users/analyst_9043503
"BOX Q2 2023 Aug 24, 2022 13 / 15 -6 -7 -13",https://www.estimize.com/users/analyst_9043503
"ADSK Q2 2023 Aug 24, 2022 11 / 18 8 -4 4",https://www.estimize.com/users/analyst_9043503
"CRM Q2 2023 Aug 24, 2022 50 / 59 15 -16 -1",https://www.estimize.com/users/analyst_9043503
"DY Q2 2023 Aug 24, 2022 3 / 6 11 15 26",https://www.estimize.com/users/analyst_9043503
"TOL Q3 2022 Aug 23, 2022 7 / 10 -5 -2 -7",https://www.estimize.com/users/analyst_9043503
"JWN Q2 2022 Aug 23, 2022 9 / 11 -20 11 -9",https://www.estimize.com/users/analyst_9043503
"SCSC Q4 2022 Aug 23, 2022 1 / 5 -4 12 8",https://www.estimize.com/users/analyst_9043503
"CAL Q2 2022 Aug 23, 2022 6 / 8 -1 -7 -8",https://www.estimize.com/users/analyst_9043503
"DKS Q2 2022 Aug 23, 2022 10 / 23 -3 24 21",https://www.estimize.com/users/analyst_9043503
"SJM Q1 2023 Aug 23, 2022 10 / 13 12 -8 4",https://www.estimize.com/users/analyst_9043503
"NDSN Q3 2022 Aug 22, 2022 3 / 7 -4 13 9",https://www.estimize.com/users/analyst_9043503
"PANW Q4 2022 Aug 22, 2022 30 / 41 11 -5 6",https://www.estimize.com/users/analyst_9043503
"BKE Q2 2022 Aug 19, 2022 2 / 6 22 -7 15",https://www.estimize.com/users/analyst_9043503
"ADI Q3 2022 Aug 17, 2022 11 / 13 -8 21 13",https://www.estimize.com/users/analyst_9043503
"A Q3 2022 Aug 16, 2022 1 / 14 21 15 36",https://www.estimize.com/users/analyst_9043503
"WMT Q2 2023 Aug 16, 2022 60 / 64 -9 -6 -15",https://www.estimize.com/users/analyst_9043503
"HD Q2 2022 Aug 16, 2022 21 / 43 8 15 23",https://www.estimize.com/users/analyst_9043503
"AVT Q4 2022 Aug 10, 2022 4 / 6 16 -7 9",https://www.estimize.com/users/analyst_9043503
"NVAX Q2 2022 Aug 8, 2022 14 / 14 -4 -4 -8",https://www.estimize.com/users/analyst_9043503
"AMGN Q2 2022 Aug 4, 2022 14 / 19 12 -11 1",https://www.estimize.com/users/analyst_9043503
"CROX Q2 2022 Aug 4, 2022 1 / 16 15 20 35",https://www.estimize.com/users/analyst_9043503
"DDOG Q2 2022 Aug 4, 2022 6 / 33 8 19 27",https://www.estimize.com/users/analyst_9043503
"HUBG Q2 2022 Aug 3, 2022 1 / 4 21 16 37",https://www.estimize.com/users/analyst_9043503
"ALB Q2 2022 Aug 3, 2022 2 / 20 22 20 42",https://www.estimize.com/users/analyst_9043503
"GNRC Q2 2022 Aug 3, 2022 1 / 13 15 16 31",https://www.estimize.com/users/analyst_9043503
"AMD Q2 2022 Aug 2, 2022 145 / 171 -12 -6 -18",https://www.estimize.com/users/analyst_9043503
"SEDG Q2 2022 Aug 2, 2022 26 / 28 -5 -10 -15",https://www.estimize.com/users/analyst_9043503
"ABBV Q2 2022 Jul 29, 2022 22 / 27 -3 -13 -16",https://www.estimize.com/users/analyst_9043503
"AAPL Q3 2022 Jul 28, 2022 202 / 224 -15 -10 -25",https://www.estimize.com/users/analyst_9043503
"PFE Q2 2022 Jul 28, 2022 4 / 29 17 16 33",https://www.estimize.com/users/analyst_9043503
"CSL Q2 2022 Jul 27, 2022 1 / 5 12 10 22",https://www.estimize.com/users/analyst_9043503
"SIMO Q2 2022 Jul 27, 2022 6 / 12 19 -4 15",https://www.estimize.com/users/analyst_9043503
"CHRW Q2 2022 Jul 27, 2022 3 / 5 10 -10 0",https://www.estimize.com/users/analyst_9043503
"QCOM Q3 2022 Jul 27, 2022 31 / 60 16 -3 13",https://www.estimize.com/users/analyst_9043503
"CMG Q2 2022 Jul 26, 2022 30 / 35 16 -10 6",https://www.estimize.com/users/analyst_9043503
"MSFT Q4 2022 Jul 26, 2022 153 / 159 -6 -12 -18",https://www.estimize.com/users/analyst_9043503
"V Q3 2022 Jul 26, 2022 8 / 63 10 21 31",https://www.estimize.com/users/analyst_9043503
"GOOGL Q2 2022 Jul 26, 2022 170 / 184 -13 -5 -18",https://www.estimize.com/users/analyst_9043503
"WSO Q2 2022 Jul 26, 2022 4 / 6 -3 -2 -5",https://www.estimize.com/users/analyst_9043503
"UPS Q2 2022 Jul 26, 2022 17 / 31 18 -4 14",https://www.estimize.com/users/analyst_9043503
"GLW Q2 2022 Jul 26, 2022 9 / 13 -8 -2 -10",https://www.estimize.com/users/analyst_9043503
"FISV Q2 2022 Jul 26, 2022 11 / 14 -14 10 -4",https://www.estimize.com/users/analyst_9043503
"LOGI Q1 2023 Jul 25, 2022 1 / 11 20 17 37",https://www.estimize.com/users/analyst_9043503
"HXL Q2 2022 Jul 25, 2022 1 / 7 -1 24 23",https://www.estimize.com/users/analyst_9043503
"PKG Q2 2022 Jul 25, 2022 1 / 9 13 12 25",https://www.estimize.com/users/analyst_9043503
"RRC Q2 2022 Jul 25, 2022 6 / 23 -1 16 15",https://www.estimize.com/users/analyst_9043503
"SXT Q2 2022 Jul 22, 2022 3 / 4 10 10 20",https://www.estimize.com/users/analyst_9043503
"SLB Q2 2022 Jul 22, 2022 3 / 20 13 10 23",https://www.estimize.com/users/analyst_9043503
"VZ Q2 2022 Jul 22, 2022 20 / 24 -6 -3 -9",https://www.estimize.com/users/analyst_9043503
"AXP Q2 2022 Jul 22, 2022 3 / 19 14 11 25",https://www.estimize.com/users/analyst_9043503
"TSLA Q2 2022 Jul 20, 2022 23 / 269 14 22 36",https://www.estimize.com/users/analyst_9043503
"JNJ Q2 2022 Jul 19, 2022 19 / 42 8 18 26",https://www.estimize.com/users/analyst_9043503
"FDX Q4 2022 Jun 23, 2022 20 / 26 -3 -4 -7",https://www.estimize.com/users/analyst_9043503
"ACN Q3 2022 Jun 23, 2022 10 / 11 -3 -4 -7",https://www.estimize.com/users/analyst_9043503
"LZB Q4 2022 Jun 21, 2022 1 / 4 23 11 34",https://www.estimize.com/users/analyst_9043503
"ADBE Q2 2022 Jun 16, 2022 47 / 73 -4 17 13",https://www.estimize.com/users/analyst_9043503
"CMC Q3 2022 Jun 16, 2022 1 / 6 11 13 24",https://www.estimize.com/users/analyst_9043503
"KR Q1 2022 Jun 16, 2022 1 / 19 19 21 40",https://www.estimize.com/users/analyst_9043503
"ORCL Q4 2022 Jun 13, 2022 2 / 48 19 17 36",https://www.estimize.com/users/analyst_9043503
"NIO Q1 2022 Jun 9, 2022 15 / 19 -8 -3 -11",https://www.estimize.com/users/analyst_9043503
"LULU Q1 2022 Jun 2, 2022 35 / 52 -9 16 7",https://www.estimize.com/users/analyst_9043503
"HPE Q2 2022 Jun 1, 2022 12 / 12 -11 -10 -21",https://www.estimize.com/users/analyst_9043503
"SMTC Q1 2023 Jun 1, 2022 1 / 10 19 23 42",https://www.estimize.com/users/analyst_9043503
"NTAP Q4 2022 Jun 1, 2022 7 / 12 11 -3 8",https://www.estimize.com/users/analyst_9043503
"HPQ Q2 2022 May 31, 2022 28 / 39 -16 22 6",https://www.estimize.com/users/analyst_9043503
"CRM Q1 2023 May 31, 2022 67 / 72 -2 -25 -27",https://www.estimize.com/users/analyst_9043503
"APPS Q4 2022 May 31, 2022 22 / 28 -7 -2 -9",https://www.estimize.com/users/analyst_9043503
"COST Q3 2022 May 26, 2022 55 / 61 -12 -3 -15",https://www.estimize.com/users/analyst_9043503
"ULTA Q1 2022 May 26, 2022 10 / 26 11 9 20",https://www.estimize.com/users/analyst_9043503
"MDT Q4 2022 May 26, 2022 18 / 18 -19 -5 -24",https://www.estimize.com/users/analyst_9043503
"NVDA Q1 2023 May 25, 2022 2 / 201 24 18 42",https://www.estimize.com/users/analyst_9043503
"SNOW Q1 2023 May 25, 2022 14 / 44 13 14 27",https://www.estimize.com/users/analyst_9043503
"PLAB Q2 2022 May 25, 2022 6 / 11 11 10 21",https://www.estimize.com/users/analyst_9043503
"DKS Q1 2022 May 25, 2022 1 / 26 13 22 35",https://www.estimize.com/users/analyst_9043503
"INTU Q3 2022 May 24, 2022 16 / 16 -7 -7 -14",https://www.estimize.com/users/analyst_9043503
"TOL Q2 2022 May 24, 2022 2 / 15 16 10 26",https://www.estimize.com/users/analyst_9043503
"FL Q1 2022 May 20, 2022 8 / 22 -4 21 17",https://www.estimize.com/users/analyst_9043503
"AMAT Q2 2022 May 19, 2022 43 / 43 -15 -15 -30",https://www.estimize.com/users/analyst_9043503
"PANW Q3 2022 May 19, 2022 12 / 39 19 14 33",https://www.estimize.com/users/analyst_9043503
"TGT Q1 2022 May 18, 2022 2 / 26 -4 23 19",https://www.estimize.com/users/analyst_9043503
"LOW Q1 2022 May 18, 2022 3 / 22 16 -4 12",https://www.estimize.com/users/analyst_9043503
"HD Q1 2022 May 17, 2022 2 / 42 22 11 33",https://www.estimize.com/users/analyst_9043503
"PFGC Q3 2022 May 11, 2022 5 / 5 -23 -20 -43",https://www.estimize.com/users/analyst_9043503
"MCFT Q3 2022 May 11, 2022 1 / 3 15 10 25",https://www.estimize.com/users/analyst_9043503
"MODG Q1 2022 May 10, 2022 6 / 17 13 15 28",https://www.estimize.com/users/analyst_9043503
"SQ Q1 2022 May 5, 2022 41 / 61 -4 -2 -6",https://www.estimize.com/users/analyst_9043503
"MRNA Q1 2022 May 4, 2022 15 / 19 6 -4 2",https://www.estimize.com/users/analyst_9043503
"CVS Q1 2022 May 4, 2022 25 / 29 -10 -8 -18",https://www.estimize.com/users/analyst_9043503
"AMD Q1 2022 May 3, 2022 1 / 175 17 21 38",https://www.estimize.com/users/analyst_9043503
"PFE Q1 2022 May 3, 2022 20 / 28 -5 14 9",https://www.estimize.com/users/analyst_9043503
"NXPI Q1 2022 May 2, 2022 20 / 30 13 -4 9",https://www.estimize.com/users/analyst_9043503
"MOS Q1 2022 May 2, 2022 18 / 18 -16 -4 -20",https://www.estimize.com/users/analyst_9043503
"AON Q1 2022 Apr 29, 2022 3 / 3 -15 -10 -25",https://www.estimize.com/users/analyst_9043503
"XOM Q1 2022 Apr 29, 2022 12 / 36 -3 14 11",https://www.estimize.com/users/analyst_9043503
"CVX Q1 2022 Apr 29, 2022 2 / 35 -2 23 21",https://www.estimize.com/users/analyst_9043503
"CLFD Q2 2022 Apr 28, 2022 1 / 4 21 8 29",https://www.estimize.com/users/analyst_9043503
"HUBG Q1 2022 Apr 28, 2022 1 / 3 10 11 21",https://www.estimize.com/users/analyst_9043503
"AMZN Q1 2022 Apr 28, 2022 120 / 179 -2 -4 -6",https://www.estimize.com/users/analyst_9043503
"AAPL Q2 2022 Apr 28, 2022 202 / 282 10 -4 6",https://www.estimize.com/users/analyst_9043503
"ISRG Q1 2022 Apr 21, 2022 11 / 22 -4 25 21",https://www.estimize.com/users/analyst_9043503
"STLD Q1 2022 Apr 20, 2022 9 / 11 25 -12 13",https://www.estimize.com/users/analyst_9043503
"TSLA Q1 2022 Apr 20, 2022 44 / 266 13 15 28",https://www.estimize.com/users/analyst_9043503
"IBM Q1 2022 Apr 19, 2022 12 / 70 -4 23 19",https://www.estimize.com/users/analyst_9043503
"JNJ Q1 2022 Apr 19, 2022 29 / 35 -8 -4 -12",https://www.estimize.com/users/analyst_9043503
"TSM Q1 2022 Apr 14, 2022 19 / 35 10 13 23",https://www.estimize.com/users/analyst_9043503
"UNH Q1 2022 Apr 14, 2022 23 / 28 8 -6 2",https://www.estimize.com/users/analyst_9043503
"MS Q1 2022 Apr 14, 2022 1 / 28 19 24 43",https://www.estimize.com/users/analyst_9043503
"FAST Q1 2022 Apr 13, 2022 10 / 10 -20 -4 -24",https://www.estimize.com/users/analyst_9043503
"BLK Q1 2022 Apr 13, 2022 12 / 18 8 -2 6",https://www.estimize.com/users/analyst_9043503
"WBA Q2 2022 Mar 31, 2022 17 / 18 7 -9 -2",https://www.estimize.com/users/analyst_9043503
"FIVE Q4 2021 Mar 30, 2022 11 / 13 -6 -5 -11",https://www.estimize.com/users/analyst_9043503
"BNTX Q4 2021 Mar 30, 2022 26 / 30 -4 -5 -9",https://www.estimize.com/users/analyst_9043503
"LULU Q4 2021 Mar 29, 2022 47 / 52 -8 -10 -18",https://www.estimize.com/users/analyst_9043503
"MU Q2 2022 Mar 29, 2022 10 / 82 18 19 37",https://www.estimize.com/users/analyst_9043503
"RH Q4 2021 Mar 29, 2022 15 / 18 -6 -6 -12",https://www.estimize.com/users/analyst_9043503
"DOOO Q4 2022 Mar 25, 2022 1 / 9 14 17 31",https://www.estimize.com/users/analyst_9043503
"NIO Q4 2021 Mar 24, 2022 46 / 46 -8 -25 -33",https://www.estimize.com/users/analyst_9043503
"CTAS Q3 2022 Mar 23, 2022 4 / 13 20 6 26",https://www.estimize.com/users/analyst_9043503
"WGO Q2 2022 Mar 23, 2022 2 / 15 20 14 34",https://www.estimize.com/users/analyst_9043503
"ADBE Q1 2022 Mar 22, 2022 75 / 82 -24 -3 -27",https://www.estimize.com/users/analyst_9043503
"NKE Q3 2022 Mar 21, 2022 26 / 57 15 11 26",https://www.estimize.com/users/analyst_9043503
"CAL Q4 2021 Mar 15, 2022 6 / 8 -4 -5 -9",https://www.estimize.com/users/analyst_9043503
"DKS Q4 2021 Mar 8, 2022 15 / 28 20 -3 17",https://www.estimize.com/users/analyst_9043503
"COST Q2 2022 Mar 3, 2022 34 / 53 25 -23 2",https://www.estimize.com/users/analyst_9043503
"MRVL Q4 2022 Mar 3, 2022 12 / 21 -14 25 11",https://www.estimize.com/users/analyst_9043503
"AVGO Q1 2022 Mar 3, 2022 29 / 34 18 -6 12",https://www.estimize.com/users/analyst_9043503
"BJ Q4 2021 Mar 3, 2022 5 / 6 -4 -4 -8",https://www.estimize.com/users/analyst_9043503
"PSTG Q4 2022 Mar 2, 2022 1 / 7 16 13 29",https://www.estimize.com/users/analyst_9043503
"CRM Q4 2022 Mar 1, 2022 49 / 72 -3 9 6",https://www.estimize.com/users/analyst_9043503
"BLDR Q4 2021 Mar 1, 2022 4 / 6 10 14 24",https://www.estimize.com/users/analyst_9043503
"TGT Q4 2021 Mar 1, 2022 6 / 26 15 -2 13",https://www.estimize.com/users/analyst_9043503
"AZO Q2 2022 Mar 1, 2022 11 / 14 7 6 13",https://www.estimize.com/users/analyst_9043503
"TREX Q4 2021 Feb 28, 2022 4 / 14 -7 23 16",https://www.estimize.com/users/analyst_9043503
"HLIO Q4 2021 Feb 28, 2022 3 / 3 23 4 27",https://www.estimize.com/users/analyst_9043503
"SQ Q4 2021 Feb 24, 2022 31 / 87 -3 22 19",https://www.estimize.com/users/analyst_9043503
"COIN Q4 2021 Feb 24, 2022 8 / 44 10 11 21",https://www.estimize.com/users/analyst_9043503
"PZZA Q4 2021 Feb 24, 2022 17 / 17 -10 -25 -35",https://www.estimize.com/users/analyst_9043503
"BBWI Q4 2021 Feb 23, 2022 3 / 10 20 -1 19",https://www.estimize.com/users/analyst_9043503
"TJX Q4 2022 Feb 23, 2022 14 / 15 -8 -5 -13",https://www.estimize.com/users/analyst_9043503
"MOS Q4 2021 Feb 22, 2022 11 / 13 -13 -6 -19",https://www.estimize.com/users/analyst_9043503
"PANW Q2 2022 Feb 22, 2022 32 / 35 -25 18 -7",https://www.estimize.com/users/analyst_9043503
"AN Q4 2021 Feb 17, 2022 4 / 16 16 14 30",https://www.estimize.com/users/analyst_9043503
"WMT Q4 2022 Feb 17, 2022 39 / 46 -11 -3 -14",https://www.estimize.com/users/analyst_9043503
"AAWW Q4 2021 Feb 17, 2022 1 / 11 17 24 41",https://www.estimize.com/users/analyst_9043503
"IDCC Q4 2021 Feb 17, 2022 6 / 8 8 8 16",https://www.estimize.com/users/analyst_9043503
"TRIP Q4 2021 Feb 16, 2022 17 / 22 -5 -3 -8",https://www.estimize.com/users/analyst_9043503
"AMAT Q1 2022 Feb 16, 2022 44 / 55 -4 -6 -10",https://www.estimize.com/users/analyst_9043503
"NVDA Q4 2022 Feb 16, 2022 30 / 209 22 11 33",https://www.estimize.com/users/analyst_9043503
"SNPS Q1 2022 Feb 16, 2022 8 / 11 -2 -2 -4",https://www.estimize.com/users/analyst_9043503
"CROX Q4 2021 Feb 16, 2022 19 / 22 -2 -11 -13",https://www.estimize.com/users/analyst_9043503
"CF Q4 2021 Feb 15, 2022 2 / 9 23 -1 22",https://www.estimize.com/users/analyst_9043503
"ECL Q4 2021 Feb 15, 2022 8 / 8 -14 -14 -28",https://www.estimize.com/users/analyst_9043503
"CAR Q4 2021 Feb 14, 2022 4 / 13 25 11 36",https://www.estimize.com/users/analyst_9043503
"MEDP Q4 2021 Feb 14, 2022 5 / 6 -8 -2 -10",https://www.estimize.com/users/analyst_9043503
"UAA Q4 2021 Feb 11, 2022 4 / 41 21 15 36",https://www.estimize.com/users/analyst_9043503
"UBER Q4 2021 Feb 9, 2022 3 / 52 14 22 36",https://www.estimize.com/users/analyst_9043503
"DIS Q1 2022 Feb 9, 2022 5 / 108 21 15 36",https://www.estimize.com/users/analyst_9043503
"ZNGA Q4 2021 Feb 9, 2022 33 / 32 -23 -6 -29",https://www.estimize.com/users/analyst_9043503
"SONO Q1 2022 Feb 9, 2022 10 / 11 -16 -5 -21",https://www.estimize.com/users/analyst_9043503
"PFE Q4 2021 Feb 8, 2022 7 / 49 21 -2 19",https://www.estimize.com/users/analyst_9043503
"ON Q4 2021 Feb 7, 2022 7 / 25 19 8 27",https://www.estimize.com/users/analyst_9043503
"REGN Q4 2021 Feb 4, 2022 3 / 28 11 11 22",https://www.estimize.com/users/analyst_9043503
"META Q4 2021 Feb 2, 2022 22 / 194 -4 23 19",https://www.estimize.com/users/analyst_9043503
"QCOM Q1 2022 Feb 2, 2022 4 / 78 22 19 41",https://www.estimize.com/users/analyst_9043503
"AMD Q4 2021 Feb 1, 2022 9 / 198 23 13 36",https://www.estimize.com/users/analyst_9043503
"GOOGL Q4 2021 Feb 1, 2022 42 / 182 14 15 29",https://www.estimize.com/users/analyst_9043503
"SMCI Q2 2022 Feb 1, 2022 4 / 4 -5 -3 -8",https://www.estimize.com/users/analyst_9043503
"UPS Q4 2021 Feb 1, 2022 4 / 32 14 12 26",https://www.estimize.com/users/analyst_9043503
"PHM Q4 2021 Feb 1, 2022 1 / 8 23 9 32",https://www.estimize.com/users/analyst_9043503
"CACC Q4 2021 Jan 31, 2022 2 / 5 13 13 26",https://www.estimize.com/users/analyst_9043503
"FN Q2 2022 Jan 31, 2022 6 / 8 -8 11 3",https://www.estimize.com/users/analyst_9043503
"TEAM Q2 2022 Jan 27, 2022 6 / 24 14 10 24",https://www.estimize.com/users/analyst_9043503
"BZH Q1 2022 Jan 27, 2022 2 / 6 5 19 24",https://www.estimize.com/users/analyst_9043503
"X Q4 2021 Jan 27, 2022 3 / 16 -4 23 19",https://www.estimize.com/users/analyst_9043503
"V Q1 2022 Jan 27, 2022 2 / 65 21 20 41",https://www.estimize.com/users/analyst_9043503
"AAPL Q1 2022 Jan 27, 2022 28 / 305 18 16 34",https://www.estimize.com/users/analyst_9043503
"ETD Q2 2022 Jan 27, 2022 1 / 6 13 10 23",https://www.estimize.com/users/analyst_9043503
"KLAC Q2 2022 Jan 27, 2022 1 / 11 18 21 39",https://www.estimize.com/users/analyst_9043503
"TSLA Q4 2021 Jan 26, 2022 43 / 359 20 17 37",https://www.estimize.com/users/analyst_9043503
"MSFT Q2 2022 Jan 25, 2022 9 / 221 21 20 41",https://www.estimize.com/users/analyst_9043503
"JNJ Q4 2021 Jan 25, 2022 38 / 43 -6 -5 -11",https://www.estimize.com/users/analyst_9043503
"AXP Q4 2021 Jan 25, 2022 8 / 20 12 9 21",https://www.estimize.com/users/analyst_9043503
"LOGI Q3 2022 Jan 24, 2022 10 / 28 11 10 21",https://www.estimize.com/users/analyst_9043503
"AA Q4 2021 Jan 19, 2022 3 / 26 14 21 35",https://www.estimize.com/users/analyst_9043503
"BAC Q4 2021 Jan 19, 2022 14 / 76 20 -2 18",https://www.estimize.com/users/analyst_9043503
"PAYX Q2 2022 Dec 22, 2021 1 / 18 18 20 38",https://www.estimize.com/users/analyst_9043503
"KMX Q3 2022 Dec 22, 2021 8 / 23 14 13 27",https://www.estimize.com/users/analyst_9043503
"NKE Q2 2022 Dec 20, 2021 40 / 62 11 -1 10",https://www.estimize.com/users/analyst_9043503
"DRI Q2 2022 Dec 17, 2021 11 / 23 13 8 21",https://www.estimize.com/users/analyst_9043503
"LULU Q3 2021 Dec 9, 2021 7 / 49 12 22 34",https://www.estimize.com/users/analyst_9043503
"GME Q3 2021 Dec 8, 2021 38 / 68 12 -4 8",https://www.estimize.com/users/analyst_9043503
"SFIX Q1 2022 Dec 7, 2021 10 / 28 13 16 29",https://www.estimize.com/users/analyst_9043503
"DBI Q3 2021 Dec 7, 2021 5 / 9 17 -5 12",https://www.estimize.com/users/analyst_9043503
"AZO Q1 2022 Dec 7, 2021 9 / 16 9 11 20",https://www.estimize.com/users/analyst_9043503
"CONN Q3 2022 Dec 7, 2021 6 / 6 -6 9 3",https://www.estimize.com/users/analyst_9043503
"ULTA Q3 2021 Dec 2, 2021 12 / 22 9 9 18",https://www.estimize.com/users/analyst_9043503
"TLYS Q3 2021 Dec 2, 2021 3 / 5 10 9 19",https://www.estimize.com/users/analyst_9043503
"DOCU Q3 2022 Dec 2, 2021 35 / 48 18 -7 11",https://www.estimize.com/users/analyst_9043503
"SIG Q3 2022 Dec 2, 2021 9 / 12 6 7 13",https://www.estimize.com/users/analyst_9043503
"PVH Q3 2021 Dec 1, 2021 9 / 12 6 -2 4",https://www.estimize.com/users/analyst_9043503
"VEEV Q3 2022 Dec 1, 2021 15 / 24 12 10 22",https://www.estimize.com/users/analyst_9043503
"SNPS Q4 2021 Dec 1, 2021 10 / 12 -5 -1 -6",https://www.estimize.com/users/analyst_9043503
"DE Q4 2021 Nov 24, 2021 6 / 29 24 -7 17",https://www.estimize.com/users/analyst_9043503
"GPS Q3 2021 Nov 23, 2021 8 / 14 -4 -3 -7",https://www.estimize.com/users/analyst_9043503
"HPQ Q4 2021 Nov 23, 2021 11 / 26 16 11 27",https://www.estimize.com/users/analyst_9043503
"BBY Q3 2022 Nov 23, 2021 1 / 19 18 24 42",https://www.estimize.com/users/analyst_9043503
"BURL Q3 2021 Nov 23, 2021 1 / 9 23 12 35",https://www.estimize.com/users/analyst_9043503
"DKS Q3 2021 Nov 23, 2021 18 / 29 10 7 17",https://www.estimize.com/users/analyst_9043503
"AEO Q3 2021 Nov 23, 2021 1 / 14 22 11 33",https://www.estimize.com/users/analyst_9043503
"A Q4 2021 Nov 22, 2021 16 / 18 -15 -2 -17",https://www.estimize.com/users/analyst_9043503
"ZM Q3 2022 Nov 22, 2021 11 / 57 -2 25 23",https://www.estimize.com/users/analyst_9043503
"FL Q3 2021 Nov 19, 2021 6 / 22 10 15 25",https://www.estimize.com/users/analyst_9043503
"AMAT Q4 2021 Nov 18, 2021 28 / 48 -2 -4 -6",https://www.estimize.com/users/analyst_9043503
"ROST Q3 2021 Nov 18, 2021 3 / 11 12 12 24",https://www.estimize.com/users/analyst_9043503
"PANW Q1 2022 Nov 18, 2021 30 / 34 -25 21 -4",https://www.estimize.com/users/analyst_9043503
"WDAY Q3 2022 Nov 18, 2021 22 / 33 19 -11 8",https://www.estimize.com/users/analyst_9043503
"CSIQ Q3 2021 Nov 18, 2021 2 / 11 12 -3 9",https://www.estimize.com/users/analyst_9043503
"BJ Q3 2021 Nov 18, 2021 3 / 10 22 9 31",https://www.estimize.com/users/analyst_9043503
